id;type_ID;name;code1;code2;property1;property2;manufacture;price;price_unitID;image_path;record_date
2;8;BOBÝN;204;;204;;;0;Usd;;06.06.2020 08:33
3;8;SMD DÝRENÇ;270;;270;;;0;Usd;;06.06.2020 08:33
4;8;SMD DÝRENÇ;271;;271;;;0;Usd;;06.06.2020 08:33
5;8;SMD DÝRENÇ;272;;272;;;0;Usd;;06.06.2020 08:33
6;8;SMD DÝRENÇ;289;;289;;;0;Usd;;06.06.2020 08:33
7;8;SMD DÝRENÇ;330;;330;;;0;Usd;;06.06.2020 08:33
8;8;SMD DÝRENÇ;392;;392;;;0;Usd;;06.06.2020 08:33
9;8;SMD DÝRENÇ;680;;680;;;0;Usd;;06.06.2020 08:33
10;8;SMD DÝRENÇ;820;;820;;;0;Usd;;06.06.2020 08:33
11;8;SWÝTCH;1117;;1117;;;0;Usd;;06.06.2020 08:33
12;8;ENTEGRE;4017;;4017;;;0;Usd;;06.06.2020 08:33
13;8;DÝRENÇ;4148;;4148;;;0;Usd;;06.06.2020 08:33
14;8;ENTEGRE;7447;;7447;;;0;Usd;;06.06.2020 08:33
15;8;REGÜLATÖR;7812;;7812;;;0;Usd;;06.06.2020 08:33
16;8;REGÜLATÖR;7824;;7824;;;0;Usd;;06.06.2020 08:33
17;8;REGÜLATÖR;7905;;7905;;;0;Usd;;06.06.2020 08:33
18;8;REGÜLATÖR;7915;;7915;;;0;Usd;;06.06.2020 08:33
19;8;REGÜLATÖR;7924;;7924;;;0;Usd;;06.06.2020 08:33
20;8;OSÝLATÖR;32768;;32768;;;0;Usd;;06.06.2020 08:33
21;9;Geçiþ klemensi;41561;;41561;;;0;Usd;;06.06.2020 08:33
22;9;Geçiþ klemensi;  PYK 1,5M;;  PYK 1,5M;;;0;Usd;;06.06.2020 08:33
23;12;STEP MOTOR; 23HS4110;; 23HS4110;;;0;Usd;;06.06.2020 08:33
24;8;DÝRENÇ; 33 OHM;; 33 OHM;;;0;Usd;;06.06.2020 08:33
25;8;HEADER; 40X12 ERKEK -KISA -ÝKÝLÝ;; 40X12 ERKEK -KISA -ÝKÝLÝ;;;0;Usd;;06.06.2020 08:33
26;8;SMD DÝRENÇ; 4R7;; 4R7;;;0;Usd;;06.06.2020 08:33
27;9;Smartlink SI B; A9XMZA08 Smartlink ethernet haberleþmeli;; A9XMZA08 Smartlink ethernet haberleþmeli;;;0;Usd;;06.06.2020 08:33
28;8;AKIM TRAFOSU; AKIM TRAFOSU;; AKIM TRAFOSU;;;0;Usd;;06.06.2020 08:33
29;8;Arduino Leonardo; Arduino Leonardo;; Arduino Leonardo;;;0;Usd;;06.06.2020 08:33
30;8;AUG; AUG;; AUG;;;0;Usd;;06.06.2020 08:33
31;12;BH1750,  TCS3200,  TCRT5000, GY-68,DCF8591,  MCP4725, L. MODÜL; BH1750,  TCS3200,  TCRT5000, GY-68,DCF8591,  MCP4725, L. MODÜL;; BH1750,  TCS3200,  TCRT5000, GY-68,DCF8591,  MCP4725, L. MODÜL;;;0;Usd;;06.06.2020 08:33
32;8;BOBÝN; BOBÝN-100uH;; BOBÝN-100uH;;;0;Usd;;06.06.2020 08:33
33;8;BOBÝN; BOBÝN-330uH;; BOBÝN-330uH;;;0;Usd;;06.06.2020 08:33
34;8;BT136; BT136;; BT136;;;0;Usd;;06.06.2020 08:33
35;12;BUZZER MODÜL; BUZZER MODÜL;; BUZZER MODÜL;;;0;Usd;;06.06.2020 08:33
36;9;Yardýmcý Kontaktör; CAD32BD, 24V DC, 3 NO+ 2NC;; CAD32BD, 24V DC, 3 NO+ 2NC;;;0;Usd;;06.06.2020 08:33
37;9;Yardýmcý Kontaktör; CAD32M7, 220V, 3 NO+ 2NC;; CAD32M7, 220V, 3 NO+ 2NC;;;0;Usd;;06.06.2020 08:33
38;8;DÝÞÝ ADAPTÖR; DÝÞÝ ADAPTÖR;; DÝÞÝ ADAPTÖR;;;0;Usd;;06.06.2020 08:33
39;8;DÝÞÝ JAK ; DÝÞÝ JAK;; DÝÞÝ JAK;;;0;Usd;;06.06.2020 08:33
40;8;DÝÞÝ KONEKTÖR PÝMÝ; DÝÞÝ KONEKTÖR PÝMÝ;; DÝÞÝ KONEKTÖR PÝMÝ;;;0;Usd;;06.06.2020 08:33
41;8;DÝÞÝ SES SOKETÝ; DÝÞÝ SES SOKETÝ;; DÝÞÝ SES SOKETÝ;;;0;Usd;;06.06.2020 08:33
42;8;DN1509; DN1509;; DN1509;;;0;Usd;;06.06.2020 08:33
43;8;DOT MATRÝS; DOT MATRÝS;; DOT MATRÝS;;;0;Usd;;06.06.2020 08:33
44;9;KLEMENS KAPAK ; D-PT 1,5/S-3L;; D-PT 1,5/S-3L;;;0;Usd;;06.06.2020 08:33
45;9;KLEMENS KAPAK ; D-PT 2,5-PE/3L;; D-PT 2,5-PE/3L;;;0;Usd;;06.06.2020 08:33
46;9;KLEMENS KAPAK ; D-PTI/3;; D-PTI/3;;;0;Usd;;06.06.2020 08:33
47;9;KLEMENS KAPAK ; D-PTIO 1,5/S/3;; D-PTIO 1,5/S/3;;;0;Usd;;06.06.2020 08:33
48;9;KELEMENS KAPAK ; D-PTT 1,5/S-2MT-0,8 ;; D-PTT 1,5/S-2MT-0,8 ;;;0;Usd;;06.06.2020 08:33
49;9;KLEMENS KAPAK ; D-ST 2,5;; D-ST 2,5;;;0;Usd;;06.06.2020 08:33
50;9;KLEMENS DURDURUCU; E/NS 35 N;; E/NS 35 N;;;0;Usd;;06.06.2020 08:33
51;9;KLEMENS DURDURUCU; E/UK;; E/UK;;;0;Usd;;06.06.2020 08:33
52;8;ENTEGRE SOKETÝ; ENTEGRE SOKETÝ;; ENTEGRE SOKETÝ;;;0;Usd;;06.06.2020 08:33
53;8;ERKEK ADAPTÖR JACK; ERKEK ADAPTÖR JACK;; ERKEK ADAPTÖR JACK;;;0;Usd;;06.06.2020 08:33
54;8;ERKEK JACK; ERKEK JACK;; ERKEK JACK;;;0;Usd;;06.06.2020 08:33
55;8;FÝNDER RÖLE ; FÝNDER RÖLE;; FÝNDER RÖLE;;;0;Usd;;06.06.2020 08:33
56;8;KLEMENS; GEÇMELÝ  ERKEK;; GEÇMELÝ  ERKEK;;;0;Usd;;06.06.2020 08:33
57;8;GJ-5FA-L; GJ-5FA-L;; GJ-5FA-L;;;0;Usd;;06.06.2020 08:33
58;8;HAYVA SÜNGERÝ; HAYVA SÜNGERÝ;; HAYVA SÜNGERÝ;;;0;Usd;;06.06.2020 08:33
59;9;Maket modül ; HC-M-00 ;; HC-M-00 ;;;0;Usd;;06.06.2020 08:33
60;8;HCNR200; HCNR200;; HCNR200;;;0;Usd;;06.06.2020 08:33
61;8;RÖLE; HDF27-005;; HDF27-005;;;0;Usd;;06.06.2020 08:33
62;8;MOSFET; IRFZ44N;; IRFZ44N;;;0;Usd;;06.06.2020 08:33
63;8;KLEMENS; ÝKÝLÝ KLEMENS;; ÝKÝLÝ KLEMENS;;;0;Usd;;06.06.2020 08:33
64;8;KELEPÇE; KELEPÇE;; KELEPÇE;;;0;Usd;;06.06.2020 08:33
65;8;LOACELL; LOACELL;; LOACELL;;;0;Usd;;06.06.2020 08:33
66;8;M9036 LM260 ; M9036 LM260;; M9036 LM260;;;0;Usd;;06.06.2020 08:33
67;8;MERCÝMEK KONDANSATÖR; MERCÝMEK KONDANSATÖR / 4u7 / Dip;; MERCÝMEK KONDANSATÖR / 4u7 / Dip;;;0;Usd;;06.06.2020 08:33
68;8;MÝKROFON; MÝKROFON;; MÝKROFON;;;0;Usd;;06.06.2020 08:33
69;8;MOSFET YALITICI; MOSFET YALITICI;; MOSFET YALITICI;;;0;Usd;;06.06.2020 08:33
70;8;NTC TERMÝSTÖR; NTC TERMÝSTÖR;; NTC TERMÝSTÖR;;;0;Usd;;06.06.2020 08:33
71;8;OMRON RÖLE; OMRON RÖLE;; OMRON RÖLE;;;0;Usd;;06.06.2020 08:33
72;12;PARMAK ÝZÝ OKUYUCU; PARMAK ÝZÝ OKUYUCU;; PARMAK ÝZÝ OKUYUCU;;;0;Usd;;06.06.2020 08:33
73;8;PÝL YUVASI; PÝL YUVASI;; PÝL YUVASI;;;0;Usd;;06.06.2020 08:33
74;8;POWER JACK; POWER JACK;; POWER JACK;;;0;Usd;;06.06.2020 08:33
75;9;Çok katlý klemens; PT 1,5/S-3L;; PT 1,5/S-3L;;;0;Usd;;06.06.2020 08:33
76;9;Býçaklý ayýrma klemensi; PT 1,5/S-QUATTRO-MT;; PT 1,5/S-QUATTRO-MT;;;0;Usd;;06.06.2020 08:33
77;9;Geçiþ klemensi; PT 2,5;; PT 2,5;;;0;Usd;;06.06.2020 08:33
78;9;Geçiþ klemensi; PT 2,5 RD;; PT 2,5 RD;;;0;Usd;;06.06.2020 08:33
79;9;Býçaklý ayýrma klemensi; PT 2,5-MT;; PT 2,5-MT;;;0;Usd;;06.06.2020 08:33
80;8;PT100; PT100;; PT100;;;0;Usd;;06.06.2020 08:33
81;8;PTC; PTC;; PTC;;;0;Usd;;06.06.2020 08:33
82;9;Çift katlý klemens ; PTTB 2,5;; PTTB 2,5;;;0;Usd;;06.06.2020 08:33
83;9;Geçiþ klemensi; PYK 1,5M;; PYK 1,5M;;;0;Usd;;06.06.2020 08:33
84;9;2 katlý 1 giriþ 1 çýkýþ klemens; PYK 2,5-2F;; PYK 2,5-2F;;;0;Usd;;06.06.2020 08:33
85;9;KLEMENS KAPAK ; PYK 2,5-2FT;; PYK 2,5-2FT;;;0;Usd;;06.06.2020 08:33
86;9;1 giriþ 1 çýkýþ topraklamalý klemens; PYK 2,5-3FT;; PYK 2,5-3FT;;;0;Usd;;06.06.2020 08:33
87;9;2 iletkenli topraklama klemensi; PYK 2,5T;; PYK 2,5T;;;0;Usd;;06.06.2020 08:33
88;9;3 katlý sensor klemensi; PYK 3S;; PYK 3S;;;0;Usd;;06.06.2020 08:33
89;12;RFID OKUYUCU; RDM6300 ROHS RFID-RC522  ;; RDM6300 ROHS RFID-RC522  ;;;0;Usd;;06.06.2020 08:33
90;8;REED RÖLE; REED RÖLE;; REED RÖLE;;;0;Usd;;06.06.2020 08:33
91;8;RF VERÝCÝ MODÜL; RF VERÝCÝ MODÜL;; RF VERÝCÝ MODÜL;;;0;Usd;;06.06.2020 08:33
92;8;RÖLE MODÜLÜ; RÖLE MODÜLÜ;; RÖLE MODÜLÜ;;;0;Usd;;06.06.2020 08:33
93;8;S12052V; S12052V;; S12052V;;;0;Usd;;06.06.2020 08:33
94;8;SERVO MOTOR; SERVO MOTOR;; SERVO MOTOR;;;0;Usd;;06.06.2020 08:33
95;8;SÝGORTA KUTUSU; SÝGORTA KUTUSU;; SÝGORTA KUTUSU;;;0;Usd;;06.06.2020 08:33
96;8;SSR RÖLE; SSR RÖLE;; SSR RÖLE;;;0;Usd;;06.06.2020 08:33
97;8;SWÝTCH; SWÝTCH;; SWÝTCH;;;0;Usd;;06.06.2020 08:33
98;8;TAA 320 M9021; TAA 320 M9021;; TAA 320 M9021;;;0;Usd;;06.06.2020 08:33
99;8;TLP521-1; TLP521-1;; TLP521-1;;;0;Usd;;06.06.2020 08:33
100;8;TUNÝK (ERKEK); TUNÝK (ERKEK);; TUNÝK (ERKEK);;;0;Usd;;06.06.2020 08:33
101;8;UA741CP; UA741CP;; UA741CP;;;0;Usd;;06.06.2020 08:33
102;9;Yeþil Yaylý Buton; XB5-AA3311;; XB5-AA3311;;;0;Usd;;06.06.2020 08:33
103;9;  LED'LÝ SÝNYAL LAMBASI SARI 230V; XB7-EV08 MP ;; XB7-EV08 MP ;;;0;Usd;;06.06.2020 08:33
104;9;Kalýcý Sarý buton; XB7-NH01;; XB7-NH01;;;0;Usd;;06.06.2020 08:33
105;8;RF ALICI; YEÞÝL;; YEÞÝL;;;0;Usd;;06.06.2020 08:33
106;9;Demir Gövde; ZB4 BZ 009;; ZB4 BZ 009;;;0;Usd;;06.06.2020 08:33
107;9;Metal Sinyal Lambasý Ýçin Kafa; ZB5-AV0.;; ZB5-AV0.;;;0;Usd;;06.06.2020 08:33
108;9;Plastik , yeþil sinyal lambasý için kafa; ZB5-AV03;; ZB5-AV03;;;0;Usd;;06.06.2020 08:33
109;9;Iþýklý Kýrmýzý Buton Kafasý; ZB5-AW34;; ZB5-AW34;;;0;Usd;;06.06.2020 08:33
110;9;Iþýklý Sarý Buton Kafasý; ZB5-AW35;; ZB5-AW35;;;0;Usd;;06.06.2020 08:33
111;9;24V Kýrmýzý L amba; ZBV-B4;; ZBV-B4;;;0;Usd;;06.06.2020 08:33
112;9;230V Turuncu Lamba; ZBV-M5;; ZBV-M5;;;0;Usd;;06.06.2020 08:33
113;9;KLEMENS KAPAK ; ZD-PT 1,5/S-QUATTRO;; ZD-PT 1,5/S-QUATTRO;;;0;Usd;;06.06.2020 08:33
114;8;ZENER DÝYOT; ZENER DÝYOT / 6,8V;; ZENER DÝYOT / 6,8V;;;0;Usd;;06.06.2020 08:33
115;8;DÝRENÇ;0,1R 5W TAÞ ;;0,1R 5W TAÞ ;;;0;Usd;;06.06.2020 08:33
116;8;DÝRENÇ;0,22R 5WTAÞ ;;0,22R 5WTAÞ ;;;0;Usd;;06.06.2020 08:33
117;8;DÝRENÇ;0,33R 5W TAÞ ;;0,33R 5W TAÞ ;;;0;Usd;;06.06.2020 08:33
118;8;DÝRENÇ;0,47R 5W TAÞ ;;0,47R 5W TAÞ ;;;0;Usd;;06.06.2020 08:33
119;8;KONDANSATÖR;0.47U 63V;;0.47U 63V;;;0;Usd;;06.06.2020 08:33
120;8;KONDANSATÖR;0u45;;KUTUPLU KONDANSATÖR / 0u45;;;0;Usd;;06.06.2020 08:33
121;8;KLEMENS;1 giriþ 1 çýkýþ ;;býçaklý ayýrma klemensi;;;0;Usd;;06.06.2020 08:33
122;8;DÝRENÇ;1,5k 1/4W ;;1,5k 1/4W ;;;0;Usd;;06.06.2020 08:33
123;8;TRANSÝL DÝYOT;1,5KE 10CA ;;1,5KE 10CA ;;;0;Usd;;06.06.2020 08:33
124;8;TRANSÝL DÝYOT;1,5KE 15A  ;;1,5KE 15A  ;;;0;Usd;;06.06.2020 08:33
125;8;TRANSÝL DÝYOT;1,5KE 27CA  ;;1,5KE 27CA  ;;;0;Usd;;06.06.2020 08:33
126;8;TRANSÝL DÝYOT;1,5KE 39CA ;;1,5KE 39CA ;;;0;Usd;;06.06.2020 08:33
127;8;TRANSÝL DÝYOT;1,5KE 62A;;1,5KE 62A;;;0;Usd;;06.06.2020 08:33
128;8;TRANSÝL DÝYOT;1.5 KE 18A;;1.5 KE 18A;;;0;Usd;;06.06.2020 08:33
129;8;TRANSÝL DÝYOT;1.5 KE 22A;;1.5 KE 22A;;;0;Usd;;06.06.2020 08:33
130;8;TRANSÝL DÝYOT;1.5KE 220 CA ;;1.5KE 220 CA ;;;0;Usd;;06.06.2020 08:33
131;8;TRANSÝL DÝYOT;1.5KE 24 CA;;1.5KE 24 CA;;;0;Usd;;06.06.2020 08:33
132;8;TRANSÝL DÝYOT   ;1.5KE 5A;;1.5KE 5A;;;0;Usd;;06.06.2020 08:33
133;8;TRANSÝL DÝYOT;1.5KE33A;;1.5KE33A;;;0;Usd;;06.06.2020 08:33
134;8;TRANSÝL DÝYOT;1.5KE47A;;1.5KE47A;;;0;Usd;;06.06.2020 08:33
135;8;TRANSÝL DÝYOT;1.5KE82A;;1.5KE82A;;;0;Usd;;06.06.2020 08:33
136;8;DÝRENÇ;10 OHM;;10 OHM;;;0;Usd;;06.06.2020 08:33
137;8;KONDANSATÖR;100 NF TANTAL;;100 NF TANTAL;;;0;Usd;;06.06.2020 08:33
138;8;DÝRENÇ;100k 1/4W ;;100k 1/4W ;;;0;Usd;;06.06.2020 08:33
139;8;TRÝMPOT;100K-TRÝMPOT;;100K-TRÝMPOT;;;0;Usd;;06.06.2020 08:33
140;8;KONDANSATÖR;100N;;100N;;;0;Usd;;06.06.2020 08:33
141;8;DÝRENÇ;100NF;;100NF;;;0;Usd;;06.06.2020 08:33
142;8;DÝRENÇ;100R 1/4W ;;DÝP - KARBON;;;0;Usd;;06.06.2020 08:33
143;8;DÝRENÇ;100R 1/4W ;;DÝP - KARBON;;;0;Usd;;06.06.2020 08:33
144;8;DÝRENÇ;100R 5W TAÞ ;;100R 5W TAÞ ;;;0;Usd;;06.06.2020 08:33
145;8;DÝRENÇ;10k 1/4W ;;10k 1/4W ;;;0;Usd;;06.06.2020 08:33
146;8;DÝRENÇ;10K 5W TAÞ ;;10K 5W TAÞ ;;;0;Usd;;06.06.2020 08:33
147;8;TRÝMPOT;10K-TRÝMPOT;;10K-TRÝMPOT;;;0;Usd;;06.06.2020 08:33
148;8;KONDANSATÖR;10N;;10N;;;0;Usd;;06.06.2020 08:33
149;8;DÝRENÇ;10NF;;10NF;;;0;Usd;;06.06.2020 08:33
150;8;KONEKTÖR;10PÝN 2.54mm TUNÝK TAKIMI;;10PÝN 2.54mm TUNÝK TAKIMI;;;0;Usd;;06.06.2020 08:33
151;8;KONNEKTÖR;10PÝN ERKEK TUNÝK;;10PÝN ERKEK TUNÝK;;;0;Usd;;06.06.2020 08:33
152;8;DÝRENÇ;10R - 1/4W;; Dip - 0,25W - Metal Film;;;0;Usd;;06.06.2020 08:33
153;8;DÝRENÇ;10R 1/4W ;;DÝP - KARBON;;;0;Usd;;06.06.2020 08:33
154;8;KRÝSTAL OSÝLATÖR;12.000MHZ KRÝSTAL OSÝLATÖR;;12.000MHZ KRÝSTAL OSÝLATÖR;;;0;Usd;;06.06.2020 08:33
155;8;DÝRENÇ;120K 1/4W ;;120K 1/4W ;;;0;Usd;;06.06.2020 08:33
156;8;DÝRENÇ;120R 1/4W ;;DÝP - KARBON;;;0;Usd;;06.06.2020 08:33
157;8;LCD;128X64 GRAFÝK;;128X64 GRAFÝK;;;0;Usd;;06.06.2020 08:33
158;8;DÝRENÇ;12k 1/4W ;;12k 1/4W ;;;0;Usd;;06.06.2020 08:33
159;8;KONEKTÖR ;12PÝN tunik takýmý 2.54mm;;12PÝN tunik takýmý 2.54mm;;;0;Usd;;06.06.2020 08:33
160;8;YUVARLAK KAPAK;12X12;;12X12;;;0;Usd;;06.06.2020 08:33
161;8;BUTON;12X12 7.3mm TACH SWITCH;;12X12 7.3mm TACH SWITCH;;;0;Usd;;06.06.2020 08:33
162;8;ENTEGRE SOKETÝ;14 LÜ;;14 LÜ;;;0;Usd;;06.06.2020 08:33
163;8;DÝSPLAY;14MM 7 SEGMENT;;14MM 7 SEGMENT;;;0;Usd;;06.06.2020 08:33
164;8;DÝRENÇ;150k 1/4W ;;150k 1/4W ;;;0;Usd;;06.06.2020 08:33
165;8;DÝRENÇ;150R 1/4W ;;DÝP - KARBON;;;0;Usd;;06.06.2020 08:33
166;8;DÝRENÇ;15k 1/4W ;;15k 1/4W ;;;0;Usd;;06.06.2020 08:33
167;8;DÝRENÇ;15PF;;15PF;;;0;Usd;;06.06.2020 08:33
168;8;ENTEGRE SOKETÝ;16 LI;;16 LI;;;0;Usd;;06.06.2020 08:33
169;8;KRÝSTAL OSÝLATÖR;16.000MHZ KRÝSTAL OSÝLATÖR;;16.000MHZ KRÝSTAL OSÝLATÖR;;;0;Usd;;06.06.2020 08:33
170;8;KRÝSTAL OSÝLATÖR;16MHZ KRÝSTAL OSÝLATÖR;;16MHZ KRÝSTAL OSÝLATÖR;;;0;Usd;;06.06.2020 08:33
171;8;SMD KONESTÖR;16V ;;16V ;;;0;Usd;;06.06.2020 08:33
172;8;LCD;16X2  KARAKTER ;;16X2  KARAKTER ;;;0;Usd;;06.06.2020 08:33
173;8;LCD;16X4 KARAKTERÝSTLÝK ;;16X4 KARAKTERÝSTLÝK ;;;0;Usd;;06.06.2020 08:33
174;8;ENTEGRE SOKETÝ;18 LÝ ;;18 LÝ ;;;0;Usd;;06.06.2020 08:33
175;8;DÝRENÇ;180K 1/4W ;;180K 1/4W ;;;0;Usd;;06.06.2020 08:33
176;8;DÝRENÇ;1k 1/4W ;;1k 1/4W ;;;0;Usd;;06.06.2020 08:33
177;8;DÝRENÇ;1K 5W TAÞ ;;1K 5W TAÞ ;;;0;Usd;;06.06.2020 08:33
178;8;TRÝMPOT;1K-TRÝMPOT;;1K-TRÝMPOT;;;0;Usd;;06.06.2020 08:33
179;8;TRÝMPOT;1M;;1M;;;0;Usd;;06.06.2020 08:33
180;8;DÝRENÇ;1M 1/4W ;;1M 1/4W ;;;0;Usd;;06.06.2020 08:33
181;8;BZX79C5V1;1N4007;;1N4007;;;0;Usd;;06.06.2020 08:33
182;8;DÝYOT;1N400T;;1N400T;;;0;Usd;;06.06.2020 08:33
183;8;DÝYOT;1N5408;;1N5408;;;0;Usd;;06.06.2020 08:33
184;8;SMD;1N5819;;1N5819;;;0;Usd;;06.06.2020 08:33
185;8;DÝYOT;1N5822;;1N5822;;;0;Usd;;06.06.2020 08:33
186;8;DÝRENÇ;1R - 1/4W;;DÝP - METAL FÝLM;;;0;Usd;;06.06.2020 08:33
187;8;DÝRENÇ;1R 5W TAÞ ;;1R 5W TAÞ ;;;0;Usd;;06.06.2020 08:33
188;8;MOSFET;1RFZ44N POWER;;1RFZ44N POWER;;;0;Usd;;06.06.2020 08:33
189;8;KONDANSATÖR;1U / 63V / DÝP / 2 AYAK;;KUTUPLU KONDANSATÖR / 1U / 63V / DÝP / 2 AYAK;;;0;Usd;;06.06.2020 08:33
190;8;DÝSPLAY;2 LÝ 7 SEGMENT;;2 LÝ 7 SEGMENT;;;0;Usd;;06.06.2020 08:33
191;8;SWITCH;2 LÝ DIP ;;2 LÝ DIP ;;;0;Usd;;06.06.2020 08:33
192;8;KLEMENS;2 LÝ GEÇMELÝ ;;2 LÝ GEÇMELÝ ;;;0;Usd;;06.06.2020 08:33
193;8;KONEKTÖR ;2 LÝ MÝKÝ takým ;;2 LÝ MÝKÝ takým ;;;0;Usd;;06.06.2020 08:33
194;8;KLEMENS;2 LÝ YAYLI ;;2 LÝ YAYLI ;;;0;Usd;;06.06.2020 08:33
195;8;2PÝN;2 NUMARA;;2 NUMARA;;;0;Usd;;06.06.2020 08:33
196;8;KONEKTÖR;2 PÝN 3.96mm DÝÞÝ KÝLÝTLÝ;;2 PÝN 3.96mm DÝÞÝ KÝLÝTLÝ;;;0;Usd;;06.06.2020 08:33
197;8;KONNEKTÖR;2 PÝN TUNIK KONNEKTOR TAKIM 2.54mm;;2 PÝN TUNIK KONNEKTOR TAKIM 2.54mm;;;0;Usd;;06.06.2020 08:33
198;8;ROLE MODÜL;2 SOLÝD STATE ROLE;;2 SOLÝD STATE ROLE;;;0;Usd;;06.06.2020 08:33
199;8;DÝRENÇ;2,2k 1/4W ;;2,2k 1/4W ;;;0;Usd;;06.06.2020 08:33
200;8;DÝRENÇ;2,2M 1/4W ;;2,2M 1/4W ;;;0;Usd;;06.06.2020 08:33
201;8;DÝRENÇ;2,5M 1/4W ;;2,5M 1/4W ;;;0;Usd;;06.06.2020 08:33
202;8;DÝRENÇ;2,7k 1/4W ;;2,7k 1/4W ;;;0;Usd;;06.06.2020 08:33
203;8;ENTEGRE SOKETÝ;20 LÝ ;;20 LÝ ;;;0;Usd;;06.06.2020 08:33
204;8;KRÝSTAL OSÝLATÖR;20 MHZ KRÝSTAL OSÝLATÖR;;20 MHZ KRÝSTAL OSÝLATÖR;;;0;Usd;;06.06.2020 08:33
205;8;VARÝSTÖR;20 MM ;;20 MM ;;;0;Usd;;06.06.2020 08:33
206;8;KRÝSTAL OSÝLATÖR;20.000MHZ KRÝSTAL OSÝLATÖR;;20.000MHZ KRÝSTAL OSÝLATÖR;;;0;Usd;;06.06.2020 08:33
207;9;Þeffaf Etiket Kaplama;20x30mm;;20x30mm;;;0;Usd;;06.06.2020 08:33
208;8;DÝRENÇ;22 OHM;;22 OHM;;;0;Usd;;06.06.2020 08:33
209;8;DÝRENÇ;220 OHM;;220 OHM;;;0;Usd;;06.06.2020 08:33
210;8;DÝRENÇ;220k 1/4W ;;220k 1/4W ;;;0;Usd;;06.06.2020 08:33
211;8;DÝRENÇ;220R 1/4W ;;DÝP - KARBON;;;0;Usd;;06.06.2020 08:33
212;8;DÝRENÇ;220R 5W TAÞ ;;220R 5W TAÞ ;;;0;Usd;;06.06.2020 08:33
213;8;DÝRENÇ;22k 1/4W ;;22k 1/4W ;;;0;Usd;;06.06.2020 08:33
214;8;DÝRENÇ;22K 5W TAÞ ;;22K 5W TAÞ ;;;0;Usd;;06.06.2020 08:33
215;8;KONDANSATÖR;22mF  50V ;;22mF  50V  KONDANSATÖR;;;0;Usd;;06.06.2020 08:33
216;8;DÝRENÇ;22PF;;22PF;;;0;Usd;;06.06.2020 08:33
217;8;DÝRENÇ;22R 1/4W ;;DÝP - KARBON;;;0;Usd;;06.06.2020 08:33
218;8;KONDANSATÖR;22U TANTAL;;22U TANTAL;;;0;Usd;;06.06.2020 08:33
219;8;ENTEGRE SOKETÝ;24 LÜ;;24 LÜ;;;0;Usd;;06.06.2020 08:33
220;8;ENTEGRE;24CO2EEPROM;;24CO2EEPROM;;;0;Usd;;06.06.2020 08:33
221;8;DÝRENÇ;270 K;;270 K;;;0;Usd;;06.06.2020 08:33
222;8;DÝRENÇ;270k1/4W ;;270k1/4W ;;;0;Usd;;06.06.2020 08:33
223;8;DÝRENÇ;270R 1/4W ;;270R 1/4W ;;;0;Usd;;06.06.2020 08:33
224;8;DÝRENÇ;27k 1/4W ;;27k 1/4W ;;;0;Usd;;06.06.2020 08:33
225;8;DÝRENÇ;27R 1/4W ;;DÝP - KARBON;;;0;Usd;;06.06.2020 08:33
226;8;ENTEGRE SOKETÝ;28 LÝ;;28 LÝ;;;0;Usd;;06.06.2020 08:33
227;8;REGÜLATÖR;28L15;;28L15;;;0;Usd;;06.06.2020 08:33
229;8;JUMPER;2'LÝ JUMPER;;2'LÝ;;;0;Usd;;06.06.2020 08:33
228;12;SENSÖR;2'LÝ SENSOR;;2'LÝ;;;0;Usd;;06.06.2020 08:33
230;8;TRANSÝSTÖR;2N2222;;2N2222;;;0;Usd;;06.06.2020 08:33
231;8;REGÜLATÖR;2N2907;;2N2907;;;0;Usd;;06.06.2020 08:33
232;8;TRANSÝSTÖR;2N3904;;2N3904;;;0;Usd;;06.06.2020 08:33
233;8;TRANSÝSTÖR;2N3906;;2N3906;;;0;Usd;;06.06.2020 08:33
234;8;KONEKTÖR;2PÝN 2.50mm tunik takýmý;;2PÝN 2.50mm tunik takýmý;;;0;Usd;;06.06.2020 08:33
235;8;KONEKTÖR;2PÝN 2.54mm tunik takýmý;;2PÝN 2.54mm tunik takýmý;;;0;Usd;;06.06.2020 08:33
236;8;KONEKTÖR;2PÝN 3.86mm ERKEK;;2PÝN 3.86mm ERKEK;;;0;Usd;;06.06.2020 08:33
237;8;KONEKTÖR ;2PÝN 3.96mm ERKEK 90DERECE;;2PÝN 3.96mm ERKEK 90DERECE;;;0;Usd;;06.06.2020 08:33
238;8;KONEKTÖR;2PÝN DÝÞÝ KÝLÝTLÝ 5.08mm ;;2PÝN DÝÞÝ KÝLÝTLÝ 5.08mm ;;;0;Usd;;06.06.2020 08:33
239;8;KONEKTÖR ;2PÝN DÝÞÝ SIKIÞTIRMALI ;;2PÝN DÝÞÝ SIKIÞTIRMALI ;;;0;Usd;;06.06.2020 08:33
240;8;KONEKTÖR;2PÝN ERKEK 5.08mm ;;2PÝN ERKEK 5.08mm ;;;0;Usd;;06.06.2020 08:33
241;8;KONEKTÖR ;2PÝN ERKEK tunik;;2PÝN ERKEK tunik;;;0;Usd;;06.06.2020 08:33
242;8;SMD DÝRENÇ;2R2;;2R2;;;0;Usd;;06.06.2020 08:33
243;8;KONDANSATÖR;2U2 / 63V / DÝP / 2 AYAK;;KUTUPLU KONDANSATÖR / 2U2 / 63V / DÝP / 2 AYAK;;;0;Usd;;06.06.2020 08:33
244;8;SWÝTCH;3 LÜ DÝP;;3 LÜ DÝP;;;0;Usd;;06.06.2020 08:33
245;8;DÝRENÇ;3,3k 1/4W ;;3,3k 1/4W ;;;0;Usd;;06.06.2020 08:33
246;8;DÝRENÇ;3,3M 1/4W ;;3,3M 1/4W ;;;0;Usd;;06.06.2020 08:33
247;8;DÝRENÇ;3,9k 1/4W ;;3,9k 1/4W ;;;0;Usd;;06.06.2020 08:33
248;8;KONNEKTÖR;3.96mm KONNEKTOR PIM;;3.96mm KONNEKTOR PIM;;;0;Usd;;06.06.2020 08:33
249;8;DÝRENÇ;330k 1/4W ;;330k 1/4W ;;;0;Usd;;06.06.2020 08:33
250;8;DÝRENÇ;330R 1/4W ;;330R 1/4W ;;;0;Usd;;06.06.2020 08:33
251;8;DÝRENÇ;33k 1/4W ;;33k 1/4W ;;;0;Usd;;06.06.2020 08:33
252;8;DÝRENÇ;33R 1/4W ;;DÝP - KARBON;;;0;Usd;;06.06.2020 08:33
253;8;DÝRENÇ;390k 1/4W ;;390k 1/4W ;;;0;Usd;;06.06.2020 08:33
254;8;DÝRENÇ;390R 1/4W ;;390R 1/4W ;;;0;Usd;;06.06.2020 08:33
255;8;DÝRENÇ;39k 1/4W ;;39k 1/4W ;;;0;Usd;;06.06.2020 08:33
256;8;DÝRENÇ;39R 1/4W ;;DÝP - KARBON;;;0;Usd;;06.06.2020 08:33
257;8;DÝRENÇ;3K 1/4W;;3K 1/4W DÝRENÇ;;;0;Usd;;06.06.2020 08:33
258;8;YAYLI KLEMENS;3'LÜ ;;3'LÜ ;;;0;Usd;;06.06.2020 08:33
259;8;KLEMENS;3'LÜ / GEÇMELÝ / DÝÞÝ / 3.81MM ;;3'LÜ / GEÇMELÝ / DÝÞÝ / 3.81MM ;;;0;Usd;;06.06.2020 08:33
260;8;SWÝTCH;3lü DÝP;;3lü DÝP;;;0;Usd;;06.06.2020 08:33
261;8;LED;3MM LED;;3MM LED;;;0;Usd;;06.06.2020 08:33
262;8;TUNÝK;3PÝN TUNÝK KONNEKTÖR;;3PÝN TUNÝK KONNEKTÖR;;;0;Usd;;06.06.2020 08:33
263;8;KONEKTÖR;3PÝN tunik takým 2.54mm ;;3PÝN tunik takým 2.54mm ;;;0;Usd;;06.06.2020 08:33
264;8;KONEKTÖR;3PÝN tunik takýmý 2.50mm;;3PÝN tunik takýmý 2.50mm;;;0;Usd;;06.06.2020 08:33
265;8;DÝRENÇ;3R3 - 1/4W;;DÝP - KARBON;;;0;Usd;;06.06.2020 08:33
266;9;Kontaktör;3RT1015-1AP04-3MA0, 220V, 3KW, 1NO;;3RT1015-1AP04-3MA0, 220V, 3KW, 1NO;;;0;Usd;;06.06.2020 08:33
267;9;Motor koruma þalteri;3RV1011-0AA10, 1,1-1,6A;;3RV1011-0AA10, 1,1-1,6A;;;0;Usd;;06.06.2020 08:33
268;9;Motor koruma þalteri;3RV1011-0JA10, 0,7-1A;;3RV1011-0JA10, 0,7-1A;;;0;Usd;;06.06.2020 08:33
269;9;Motor koruma þalteri;3RV1031-4EA10, 22-32 A;;3RV1031-4EA10, 22-32 A;;;0;Usd;;06.06.2020 08:33
270;9;Kontaktör;3TB42, 220V, 7,5KW,1NO+1NC;;3TB42, 220V, 7,5KW,1NO+1NC;;;0;Usd;;06.06.2020 08:33
271;9;Kontaktör;3TF2010-00B4, 24V DC, 4KW, 1NO;;3TF2010-00B4, 24V DC, 4KW, 1NO;;;0;Usd;;06.06.2020 08:33
272;9;Kontaktör;3TF40, 220V, 4KW, 1NO;;3TF40, 220V, 4KW, 1NO;;;0;Usd;;06.06.2020 08:33
273;9;Termik Röle;3UA59 00-OJ, 0,63-1A;;3UA59 00-OJ, 0,63-1A;;;0;Usd;;06.06.2020 08:33
274;8;BUTON;3X4 2mm;;3X4 2mm;;;0;Usd;;06.06.2020 08:33
275;12;DÝSPLAY MODÜL;4 DÝGÝT;;4 DÝGÝT;;;0;Usd;;06.06.2020 08:33
276;8;SWÝTCH;4 LÜ DÝP;;4 LÜ DÝP;;;0;Usd;;06.06.2020 08:33
277;8;SWÝTCH;4 LÜ SMD;;4 LÜ SMD;;;0;Usd;;06.06.2020 08:33
278;8;KRÝSTAL OSÝLATÖR;4 MHZ KRÝSTAL OSÝLATÖR;;4 MHZ KRÝSTAL OSÝLATÖR;;;0;Usd;;06.06.2020 08:33
279;8;SEGMENT DÝSPLAY;4,50-3 SEGMENT DÝSPLAY;;4,50-3 SEGMENT DÝSPLAY;;;0;Usd;;06.06.2020 08:33
280;8;DÝRENÇ;4,7k 1/4W ;;4,7k 1/4W ;;;0;Usd;;06.06.2020 08:33
281;8;DÝRENÇ;4,7K 5W TAÞ ;;4,7K 5W TAÞ ;;;0;Usd;;06.06.2020 08:33
282;8;DÝRENÇ;4.7 OHM;;4.7 OHM;;;0;Usd;;06.06.2020 08:33
283;8;ENTEGRE SOKETÝ;40 LI;;40 LI;;;0;Usd;;06.06.2020 08:33
284;8;SOKET;40 LI PRC ;;40 LI PRC ;;;0;Usd;;06.06.2020 08:33
285;8;HEADER;40X12 ERKEK ;;40X12 ERKEK ;;;0;Usd;;06.06.2020 08:33
286;8;HEADER;40X12 ERKEK -KISA - TEKLÝ;;40X12 ERKEK -KISA - TEKLÝ;;;0;Usd;;06.06.2020 08:33
287;8;DÝRENÇ;41 OHM;;41 OHM;;;0;Usd;;06.06.2020 08:33
288;8;DÝRENÇ;470k 1/4W ;;470k 1/4W ;;;0;Usd;;06.06.2020 08:33
289;8;DÝRENÇ;470R 1/4W ;;470R 1/4W ;;;0;Usd;;06.06.2020 08:33
290;8;DÝRENÇ;47k 1/4W ;;47k 1/4W ;;;0;Usd;;06.06.2020 08:33
291;8;DÝRENÇ;47R 1/4W ;;DÝP - KARBON;;;0;Usd;;06.06.2020 08:33
292;12;RÖLE MODÜLÜ;4'LÜ ;;4'LÜ ;;;0;Usd;;06.06.2020 08:33
293;8;KRÝSTAL OSÝLATÖR;4MHZ KRÝSTAL OSÝLATÖR;;4MHZ KRÝSTAL OSÝLATÖR;;;0;Usd;;06.06.2020 08:33
294;8;OPTOKUPLÖR;4N25;;4N25;;;0;Usd;;06.06.2020 08:33
295;8;DÝRENÇ;4R7 - 1/4W;;DÝP - KARBON;;;0;Usd;;06.06.2020 08:33
296;8;KONDANSATÖR;4U7 / 50V / DÝP / 2 AYAK;;KUTUPLU KONDANSATÖR / 4U7 / 50V / DÝP / 2 AYAK;;;0;Usd;;06.06.2020 08:33
297;8;BUTON ;4X4 9.8mm ;;4X4 9.8mm ;;;0;Usd;;06.06.2020 08:33
298;8;DÝRENÇ;5,6k 1/4W ;;5,6k 1/4W ;;;0;Usd;;06.06.2020 08:33
299;8;KONNEKTÖR;5.08mm KONNEKTÖR PIM;;5.08mm KONNEKTÖR PIM;;;0;Usd;;06.06.2020 08:33
300;8;DÝRENÇ;50W;ALÜMÝNYUM;50W;;;0;Usd;;06.06.2020 08:33
301;8;DÝRENÇ;560k 1/4W ;;560k 1/4W ;;;0;Usd;;06.06.2020 08:33
302;8;DÝRENÇ;560R 1/4W ;;560R 1/4W ;;;0;Usd;;06.06.2020 08:33
303;8;DÝRENÇ;56k 1/4W ;;56k 1/4W ;;;0;Usd;;06.06.2020 08:33
304;8;DÝRENÇ;56R 1/4W ;;DÝP - KARBON;;;0;Usd;;06.06.2020 08:33
305;9;Endüstriyel Priz;5P, 16A, Makine tipi;;5P, 16A, Makine tipi;;;0;Usd;;06.06.2020 08:33
306;8;KONEKTÖR;5PÝN DÝÞÝ SIKIÞTIRMALI tunik ;;5PÝN DÝÞÝ SIKIÞTIRMALI tunik ;;;0;Usd;;06.06.2020 08:33
307;8;SMD DÝRENÇ;5R6 ;;5R6 ;;;0;Usd;;06.06.2020 08:33
308;8;DÝRENÇ;5R6 - 1/4W ;;DÝP - KARBON;;;0;Usd;;06.06.2020 08:33
309;9;Kaçak akým koruma rölesi;5SM3 646-0, 300 mA, 63A, 4P Kaçak akým koruma rölesi, siemens;;5SM3 646-0, 300 mA, 63A, 4P Kaçak akým koruma rölesi, siemens;;;0;Usd;;06.06.2020 08:33
310;8;TAÞ DÝRENÇ;5W1KJ;;5W1KJ;;;0;Usd;;06.06.2020 08:33
311;8;SÝGORTA YUVASI;5X20MM ;;5X20MM ;;;0;Usd;;06.06.2020 08:33
312;12;GY-50 , GY-521  ,ADXL345 ;6 EKSEN GY-50 , GY-521  ,ADXL345;;6 EKSEN GY-50 , GY-521  ,ADXL345;;;0;Usd;;06.06.2020 08:33
313;8;ENTEGRE SOKETÝ;6 LI;;6 LI;;;0;Usd;;06.06.2020 08:33
314;8;DÝRENÇ;6,8k 1/4W ;;6,8k 1/4W ;;;0;Usd;;06.06.2020 08:33
315;8;KONDANSATÖR;63V 100U;;63V 100U;;;0;Usd;;06.06.2020 08:33
316;8;DÝRENÇ;680k 1/4W ;;680k 1/4W ;;;0;Usd;;06.06.2020 08:33
317;8;DÝRENÇ;680R 1/4W ;;680R 1/4W ;;;0;Usd;;06.06.2020 08:33
318;8;DÝRENÇ;68k 1/4W ;;68k 1/4W ;;;0;Usd;;06.06.2020 08:33
319;8;DÝRENÇ;68R 1/4W ;;DÝP - KARBON;;;0;Usd;;06.06.2020 08:33
320;8;DÝRENÇ;6R8 - 1/4W;;DÝP - KARBON;;;0;Usd;;06.06.2020 08:33
321;8;BUTON;6X6 2mm TACH BUTON 2 BACAK;;6X6 2mm TACH BUTON 2 BACAK;;;0;Usd;;06.06.2020 08:33
322;8;SIRA DÝRENÇ;7 LÝ;;7 LÝ;;;0;Usd;;06.06.2020 08:33
323;8;DÝSPLAY;7 SEGMENT ;;7 SEGMENT ;;;0;Usd;;06.06.2020 08:33
324;8;SIRA DÝRENÇ;7+1 LÝ ;;7+1 LÝ ;;;0;Usd;;06.06.2020 08:33
325;8;ENTEGRE;74C922C ;;74C922C ;;;0;Usd;;06.06.2020 08:33
326;8;ENTEGRE;74HC138 ;;74HC138 ;;;0;Usd;;06.06.2020 08:33
327;8;ENTEGRE;74HC151 ;;74HC151 ;;;0;Usd;;06.06.2020 08:33
328;8;ENTEGRE;74HCT10N;;74HCT10N;;;0;Usd;;06.06.2020 08:33
329;8;ENTEGRE;74LS11N;;74LS11N;;;0;Usd;;06.06.2020 08:33
330;8;REGÜLATÖR;78 MOS SMD ;;78 MOS SMD ;;;0;Usd;;06.06.2020 08:33
331;8;ANAHTAR;7X7;;7X7;;;0;Usd;;06.06.2020 08:33
334;8;SIRA DÝRENÇ;8 LÝ DÝRENÇ;;8 LÝ;;;0;Usd;;06.06.2020 08:33
332;8;SOKET;8 LÝ SOKET;;8 LÝ;;;0;Usd;;06.06.2020 08:33
333;8;SWÝTCH;8 LÝ SWÝTCH;;8 LÝ;;;0;Usd;;06.06.2020 08:33
335;8;DÝRENÇ;8,2k 1/4W ;;8,2k 1/4W ;;;0;Usd;;06.06.2020 08:33
336;8;DÝRENÇ;820k 1/4W ;;820k 1/4W ;;;0;Usd;;06.06.2020 08:33
337;8;DÝRENÇ;820R 1/4W ;;820R 1/4W ;;;0;Usd;;06.06.2020 08:33
338;8;DÝRENÇ;82k 1/4W ;;82k 1/4W ;;;0;Usd;;06.06.2020 08:33
339;8;DÝRENÇ;82R 1/4W ;;DÝP - KARBON;;;0;Usd;;06.06.2020 08:33
340;8;SIRA DÝRENÇ;8'LÝ ;;8'LÝ ;;;0;Usd;;06.06.2020 08:33
341;8;ENTEGRE SOKETÝ;8'LÝ PRES CÝON ;;8'LÝ PRES CÝON ;;;0;Usd;;06.06.2020 08:33
342;8;LCD ;8X2 KARAKTERÝSTLÝK;;8X2 KARAKTERÝSTLÝK;;;0;Usd;;06.06.2020 08:33
343;12;MODÜLÜ;8X8 DOT MATRÝX ;;8X8 DOT MATRÝX ;;;0;Usd;;06.06.2020 08:33
344;8;ZENER DÝYOT;9.1 V ZENER DÝYOT;;9.1 V ZENER DÝYOT;;;0;Usd;;06.06.2020 08:33
345;8;PÝL SOKETÝ;9V ;;9V ;;;0;Usd;;06.06.2020 08:33
346;8;JACK;9VPÝL DÖNÜÞTÜRÜCÜ JACK;;9VPÝL DÖNÜÞTÜRÜCÜ JACK;;;0;Usd;;06.06.2020 08:33
347;9;SIGORTA;A926545;SG;65A C SINIFI;;SIEMENS;65;Euro;A926545.png;06.06.2020 08:33
348;9;Pano topraklý piriz;A9A15035 Pano tipi topraklý piriz 16A 250V;;A9A15035 Pano tipi topraklý piriz 16A 250V;;;0;Usd;;06.06.2020 08:33
349;9;Düþük gerilim bobini ;A9A26960, sigorta yanýna takýlan düþük gerilim bobini;;A9A26960, sigorta yanýna takýlan düþük gerilim bobini;;;0;Usd;;06.06.2020 08:33
350;9;Uzaktan açtýrma ;A9C70124 RCA iC60 uzaktan açtýrma aparatý;;A9C70124 RCA iC60 uzaktan açtýrma aparatý;;;0;Usd;;06.06.2020 08:33
351;9;Kaçak akým koruma rölesi;A9D31716A, 16A, 30mA 3P+N sigortaya yandan geçmeli;;A9D31716A, 16A, 30mA 3P+N sigortaya yandan geçmeli;;;0;Usd;;06.06.2020 08:33
352;9;Kaçak akýmlý sigorta;A9D34632, C32, 30ma 2P Kaçak akýmlý sigorta;;A9D34632, C32, 30ma 2P Kaçak akýmlý sigorta;;;0;Usd;;06.06.2020 08:33
353;9;2 kutup sigorta;A9F73204 2P B4 Sigorta;;A9F73204 2P B4 Sigorta;;;0;Usd;;06.06.2020 08:33
354;9;3P sigorta;A9F73340, B40 3P sigorta, kaçak akýma monteli halde;;A9F73340, B40 3P sigorta, kaçak akýma monteli halde;;;0;Usd;;06.06.2020 08:33
355;9;1 kutup sigorta;A9F74106 1P C6 Sigorta;;A9F74106 1P C6 Sigorta;;;0;Usd;;06.06.2020 08:33
356;9;2 kutup sigorta;A9F74206 2P C6 Sigorta;;A9F74206 2P C6 Sigorta;;;0;Usd;;06.06.2020 08:33
357;9;3 kutup sigorta;A9F74310 3P C10 sigorta;;A9F74310 3P C10 sigorta;;;0;Usd;;06.06.2020 08:33
358;9;4 kutup sigorta;A9f84410 4P C10 sigorta;;A9f84410 4P C10 sigorta;;;0;Usd;;06.06.2020 08:33
359;9;Wireless enerji  ölçer;A9MEM1540, 3P, max 63A;;A9MEM1540, 3P, max 63A;;;0;Usd;;06.06.2020 08:33
360;9;Kaçak akým koruma rölesi 2P;A9R41240, 30mA, 40A Kaçak akým koruma rölesi 2P;;A9R41240, 30mA, 40A Kaçak akým koruma rölesi 2P;;;0;Usd;;06.06.2020 08:33
361;9;Kaçak akým koruma rölesi;A9R61225, 30mA, 25A, 2P, SI, Schneider;;A9R61225, 30mA, 25A, 2P, SI, Schneider;;;0;Usd;;06.06.2020 08:33
362;9;Kaçak akým koruma rölesi;A9R61440, 30mA, 40A, 4P SI Kaçak akým koruma rölesi;;A9R61440, 30mA, 40A, 4P SI Kaçak akým koruma rölesi;;;0;Usd;;06.06.2020 08:33
363;9;Kaçak akým koruma rölesi;A9V41363, SI, 30mA, 63A, 3P yandan geçmeli Kaçak akým koruma rölesi sigortaya monteli halde;;A9V41363, SI, 30mA, 63A, 3P yandan geçmeli Kaçak akým koruma rölesi sigortaya monteli halde;;;0;Usd;;06.06.2020 08:33
364;9;Kaçak Akým Koruma Rölesi 3P;A9V44363 Yandan Monteli 3P;;A9V44363 Yandan Monteli 3P;;;0;Usd;;06.06.2020 08:33
365;9;Kaçak Akým Koruma Rölesi 4P;A9V61463 Yandan Monteli 4P;;A9V61463 Yandan Monteli 4P;;;0;Usd;;06.06.2020 08:33
366;9;Smartlink 5 li kablo;A9XCAL06, 870mm, 5 telli;;A9XCAL06, 870mm, 5 telli;;;0;Usd;;06.06.2020 08:33
367;9;Smartlink montaj kiti;A9XMFA04, DIN rayý smartlink montaj kiti;;A9XMFA04, DIN rayý smartlink montaj kiti;;;0;Usd;;06.06.2020 08:33
368;8;AKIM SENSÖRÜ;ACS712;;ACS712;;;0;Usd;;06.06.2020 08:33
369;12;MOTOR SHÝELD;ADAFRUÝT  V2,3;;ADAFRUÝT  V2,3;;;0;Usd;;06.06.2020 08:33
370;8;RÖLE ;ALDP124;;ALDP124;;;0;Usd;;06.06.2020 08:33
371;8;ENTEGRE;AM85C30-10PC ;;AM85C30-10PC ;;;0;Usd;;06.06.2020 08:33
372;8;REGÜLATÖR;AMS1117-5;;AMS1117-5;;;0;Usd;;06.06.2020 08:33
373;8;MOSFET DÝSCRETE;AO3406;;AO3406;;;0;Usd;;06.06.2020 08:33
374;9;AYIRMA PLAKASI;APP / KPR;;APP / KPR;;;0;Usd;;06.06.2020 08:33
375;9;AYIRMA PLAKASI;APP / PYK 1.5-2.5-4;;APP / PYK 1.5-2.5-4;;;0;Usd;;06.06.2020 08:33
376;12;SENSÖR;ARDUINO HAREKET SENSÖRÜ;;ARDUINO HAREKET SENSÖRÜ;;;0;Usd;;06.06.2020 08:33
377;8;ARDUÝNO;ARDUÝNO MEGA;;ARDUÝNO MEGA;;;0;Usd;;06.06.2020 08:33
378;8;ARDUÝNO;ARDUÝNO MÝNÝ;;ARDUÝNO MÝNÝ;;;0;Usd;;06.06.2020 08:33
379;9;AYIRMA PLAKASI;ATP-ST QUATTRO;;ATP-ST QUATTRO;;;0;Usd;;06.06.2020 08:33
380;9;Etiketli Çevirmeli Acil Stop Butonu;B202EE;;B202EE;;;0;Usd;;06.06.2020 08:33
381;8;LED;BARGRAF LED;;BARGRAF LED;;;0;Usd;;06.06.2020 08:33
382;8;KONDANSATÖR;BC 817 ;;BC 817 ;;;0;Usd;;06.06.2020 08:33
383;8;TRANSÝSTÖR;BC237;;BC237;;;0;Usd;;06.06.2020 08:33
384;8;TRANSÝSTÖR;BC238;;BC238;;;0;Usd;;06.06.2020 08:33
385;8;TRANSÝSTÖR;BC327;;BC327;;;0;Usd;;06.06.2020 08:33
386;8;TRANSÝSTÖR;BC328;;BC328;;;0;Usd;;06.06.2020 08:33
387;8;TRANSÝSTÖR;BC337;;BC337;;;0;Usd;;06.06.2020 08:33
388;8;TRANSÝSTÖR;BC402;;BC402;;;0;Usd;;06.06.2020 08:33
389;8;TRANSÝSTÖR;BC546;;BC546;;;0;Usd;;06.06.2020 08:33
390;8;TRANSÝSTÖR;BC547 ;;BC547 ;;;0;Usd;;06.06.2020 08:33
391;8;TRANSÝSTÖR;BC548;;BC548;;;0;Usd;;06.06.2020 08:33
392;8;TRANSÝSTÖR;BC556;;BC556;;;0;Usd;;06.06.2020 08:33
393;8;TRANSÝSTÖR;BC557;;BC557;;;0;Usd;;06.06.2020 08:33
394;8;TRANSÝSTÖR;BC558;;BC558;;;0;Usd;;06.06.2020 08:33
395;8;TRANSÝSTÖR;BC807;;BC807;;;0;Usd;;06.06.2020 08:33
396;8;TRANSÝSTÖR;BC817;;BC817;;;0;Usd;;06.06.2020 08:33
397;8;TRANSÝSTÖR;BC846;;BC846;;;0;Usd;;06.06.2020 08:33
398;8;TRANSÝSTÖR;BC847;;BC847;;;0;Usd;;06.06.2020 08:33
399;8;TRANSÝSTÖR;BC856;;BC856;;;0;Usd;;06.06.2020 08:33
400;8;TRANSÝSTÖR;BC857;;BC857;;;0;Usd;;06.06.2020 08:33
401;8;TRANSÝSTÖR;BC858;;BC858;;;0;Usd;;06.06.2020 08:33
402;8;TRANSÝSTÖR;BCP56 NPN ;;BCP56 NPN ;;;0;Usd;;06.06.2020 08:33
403;8;TRANSÝSTÖR;BD139;;BD139;;;0;Usd;;06.06.2020 08:33
404;8;TRANSÝSTÖR;BD140;;BD140;;;0;Usd;;06.06.2020 08:33
405;8;TRANSÝSTÖR;BDX34C ;;BDX34C ;;;0;Usd;;06.06.2020 08:33
406;8;KABLO;BEYAZ MONTAJ KABLOSU;;BEYAZ MONTAJ KABLOSU;;;0;Usd;;06.06.2020 08:33
407;9;Açýlý durdurucu;BG/S;;BG/S;;;0;Usd;;06.06.2020 08:33
408;8;MOSFET;BS 170 ;;BS 170 ;;;0;Usd;;06.06.2020 08:33
409;8;REGÜLATÖR;BT151 ;;BT151 ;;;0;Usd;;06.06.2020 08:33
410;9;yay baský baðlantýlý buat;BUK 2.5/3;;BUK 2.5/3;;;0;Usd;;06.06.2020 08:33
411;8;TRANSÝSTÖR;BUK436-800B ;;BUK436-800B ;;;0;Usd;;06.06.2020 08:33
412;8;SÝGORTA;CAM - 5X20MM ;;CAM - 5X20MM ;;;0;Usd;;06.06.2020 08:33
413;8;MOTOR;CARELESS MOTOR;;CARELESS MOTOR;;;0;Usd;;06.06.2020 08:33
414;8;ENTEGRE;CD40106 ;;CD40106 ;;;0;Usd;;06.06.2020 08:33
415;8;ENTEGRE;CD4010BE;;CD4010BE;;;0;Usd;;06.06.2020 08:33
416;8;ENTEGRE;CD4011 ;;CD4011 ;;;0;Usd;;06.06.2020 08:33
417;8;ENTEGRE;CD4028 ;;CD4028 ;;;0;Usd;;06.06.2020 08:33
418;8;ENTEGRE;CD4071 ;;CD4071 ;;;0;Usd;;06.06.2020 08:33
419;8;ENTEGRE;CD4077 ;;CD4077 ;;;0;Usd;;06.06.2020 08:33
420;9;RJ45 konnektör;CUC-IND-C1ZNI-B/R4QV6 ;;CUC-IND-C1ZNI-B/R4QV6 ;;;0;Usd;;06.06.2020 08:33
421;8;POTANSÝYOMETRE;ÇOKTURLU POTANSÝYOMETRE;;ÇOKTURLU POTANSÝYOMETRE;;;0;Usd;;06.06.2020 08:33
422;8;ENTEGRE;D8742 ;;D8742 ;;;0;Usd;;06.06.2020 08:33
423;8;DÝYAK;DB3C702 ;;DB3C702 ;;;0;Usd;;06.06.2020 08:33
424;8;KÖPRÜ DÝYOT;DF10M ;;DF10M ;;;0;Usd;;06.06.2020 08:33
425;9;2kutup kartuþ sigorta yuvasý;DF81N 2P kartuþ tip sigorta yuvasý;;DF81N 2P kartuþ tip sigorta yuvasý;;;0;Usd;;06.06.2020 08:33
426;8;SÝGORTA;DÝRENÇ TÝPLÝ AKSÝYEL ;;DÝRENÇ TÝPLÝ AKSÝYEL ;;;0;Usd;;06.06.2020 08:33
427;8;TUNÝK KONNEKTÖR ;DÝÞÝ ;;DÝÞÝ ;;;0;Usd;;06.06.2020 08:33
428;8;HEADER;DÝÞÝ 180;;DÝÞÝ 180;;;0;Usd;;06.06.2020 08:33
429;8;HEADER;DÝÞÝ 90;;DÝÞÝ 90;;;0;Usd;;06.06.2020 08:33
430;8;KLEMENS;DÝÞÝ ERKEK  5LÝ;;DÝÞÝ ERKEK  5LÝ;;;0;Usd;;06.06.2020 08:33
431;8;ENTEGRE;DP5380N ;;DP5380N ;;;0;Usd;;06.06.2020 08:33
432;8;ENTEGRE;DP8352N ;;DP8352N ;;;0;Usd;;06.06.2020 08:33
433;9;KLEMENS KAPAK ;D-PT 2,5-MT;;D-PT 2,5-MT;;;0;Usd;;06.06.2020 08:33
434;9;KLEMENS KAPAK ;D-PT 2,5-PE/3L;;D-PT 2,5-PE/3L;;;0;Usd;;06.06.2020 08:33
435;9;KLEMENS KAPAK ;D-PTT 1,5/S-2MT-0,8;;D-PTT 1,5/S-2MT-0,8;;;0;Usd;;06.06.2020 08:33
436;9;KLEMENS KAPAK ;D-PTTB 2,5;;D-PTTB 2,5;;;0;Usd;;06.06.2020 08:33
437;8;ENTEGRE;DS1302 GERÇEK ZAMAN ;;DS1302 GERÇEK ZAMAN ;;;0;Usd;;06.06.2020 08:33
438;8;TRANSÝSTÖR;DS18B20 ;;DS18B20 ;;;0;Usd;;06.06.2020 08:33
439;8;ENTEGRE;DS75150N ;;DS75150N ;;;0;Usd;;06.06.2020 08:33
440;9;KLEMENS KAPAK ;D-UT 2,5/10 BU ;;D-UT 2,5/10 BU ;;;0;Usd;;06.06.2020 08:33
441;9;KLEMENS KAPAK ;D-UT 2,5/10 YE ;;D-UT 2,5/10 YE ;;;0;Usd;;06.06.2020 08:33
442;9;Durdurucu;E/UK 1;;E/UK 1;;;0;Usd;;06.06.2020 08:33
443;9;Energy Server;EBX510 Enerji server;;EBX510 Enerji server;;;0;Usd;;06.06.2020 08:33
444;9;Sýra Klemens;EKL 0S;;EKL 0S;;;0;Usd;;06.06.2020 08:33
445;9;Sýra Klemens;EKL 1S;;EKL 1S;;;0;Usd;;06.06.2020 08:33
446;9;Sýra Klemens;EKL 2S;;EKL 2S;;;0;Usd;;06.06.2020 08:33
447;8;KONDANSATÖR;ELEKTROL,TÝK;;ELEKTROL,TÝK;;;0;Usd;;06.06.2020 08:33
448;8;KONDANSATÖR;ELEKTROLÝTÝK / 4u7 / 35V / SMD;;ELEKTROLÝTÝK / 4u7 / 35V / SMD;;;0;Usd;;06.06.2020 08:33
449;8;POTANSÝYOMETRE;ENCODER;;ENCODER;;;0;Usd;;06.06.2020 08:33
450;8;ENTEGRE;ENT-1;;16 BACAK;;DIGI;2;Euro;ENT-1.png;06.06.2020 08:33
451;8;NE555P ;ENTEGRE;;ENTEGRE;;;0;Usd;;06.06.2020 08:33
452;8;TUNÝK KONNEKTÖR ;ERKEK;;ERKEK;;;0;Usd;;06.06.2020 08:33
453;8;HEADER ;ERKEK 90 ( L );;ERKEK 90 ( L );;;0;Usd;;06.06.2020 08:33
454;8;DÝÞÝ POWER JAK;ERKEK GÝRÝÞLÝ;;ERKEK GÝRÝÞLÝ;;;0;Usd;;06.06.2020 08:33
455;8;HEADER ;ERKEK PÝN HEADER / 2X90 / 2X40 PÝN;;ERKEK PÝN HEADER / 2X90 / 2X40 PÝN;;;0;Usd;;06.06.2020 08:33
456;12;ARDUÝNO SHEILD;ETHERNET;;ETHERNET;;;0;Usd;;06.06.2020 08:33
457;9;Kaçak akým koruma rölesi;EZ9F43220, C20, 2P sigorta, Schneider;;EZ9F43220, C20, 2P sigorta, Schneider;;;0;Usd;;06.06.2020 08:33
458;9;GEÇMELÝ KÖPRÜ;FBS 10-3,5;;FBS 10-3,5;;;0;Usd;;06.06.2020 08:33
459;9;GEÇMELÝ KÖPRÜ;FBS 10-5 ;;FBS 10-5 ;;;0;Usd;;06.06.2020 08:33
460;9;Geçmeli köprü;FBS 3-8 CT;;FBS 3-8 CT;;;0;Usd;;06.06.2020 08:33
461;8;MOSFET;FDS 6575;;FDS 6575;;;0;Usd;;06.06.2020 08:33
462;9;Kaçak akým koruma rölesi;FH204 AC, 30mA, 63a, 4P, Kaçak akým koruma rölesi, ABB, 2CSF204004R1250;;FH204 AC, 30mA, 63a, 4P, Kaçak akým koruma rölesi, ABB, 2CSF204004R1250;;;0;Usd;;06.06.2020 08:33
463;8;ARDUÝNO MODÜL;FT232;;FT232;;;0;Usd;;06.06.2020 08:33
464;8;MOSFET;FZ44NS;;FZ44NS;;;0;Usd;;06.06.2020 08:33
465;12;SENSÖR;GAZ;;GAZ;;;0;Usd;;06.06.2020 08:33
466;9;Klemens iþaretleme için grup etiket ;GBS 5-25X12;;GBS 5-25X12;;;0;Usd;;06.06.2020 08:33
467;9;Motor koruma þalteri;GV2ME21, 17-23A;;GV2ME21, 17-23A;;;0;Usd;;06.06.2020 08:33
468;9;Motor koruma þalteri;GV2-P04, 0.4-0.63A;;GV2-P04, 0.4-0.63A;;;0;Usd;;06.06.2020 08:33
469;9;Motor koruma þalteri;GV2-P05, 0,63-1A, ;;GV2-P05, 0,63-1A, ;;;0;Usd;;06.06.2020 08:33
470;9;Motor koruma þalteri;GV2-RT05;;GV2-RT05;;;0;Usd;;06.06.2020 08:33
471;9;S Tarak Bara;GV3, ve TeSys D serisi;;GV3, ve TeSys D serisi;;;0;Usd;;06.06.2020 08:33
472;9;Motor koruma þalteri;GV3P40, 30-40A, ;;GV3P40, 30-40A, ;;;0;Usd;;06.06.2020 08:33
473;9;MKÞ yardýmcý kontak;GVAD1010, 1NO+1NC, yandan montaj;;GVAD1010, 1NO+1NC, yandan montaj;;;0;Usd;;06.06.2020 08:33
474;9;Düþük Gerilim Bobini;GVAU225, 220V;;GVAU225, 220V;;;0;Usd;;06.06.2020 08:33
475;8;ARDUÝNO BLUETOOTH MODÜL;HC-05;;HC-05;;;0;Usd;;06.06.2020 08:33
476;8;ENTEGRE;HC85 ;;HC85 ;;;0;Usd;;06.06.2020 08:33
477;8;ENTEGRE;HCF4030BE ;;HCF4030BE ;;;0;Usd;;06.06.2020 08:33
478;8;ENTEGRE;HCF4066 ;;HCF4066 ;;;0;Usd;;06.06.2020 08:33
479;8;ENTEGRE;HCF4081 ;;HCF4081 ;;;0;Usd;;06.06.2020 08:33
480;8;ENTEGRE;HCF4081BE ;;HCF4081BE ;;;0;Usd;;06.06.2020 08:33
481;9;Kontak ara parça modülü;HC-M-05-PT-F;;HC-M-05-PT-F;;;0;Usd;;06.06.2020 08:33
482;9;Modül taþýyýcý çerçevesi;HC-M-B24-MF-B;;HC-M-B24-MF-B;;;0;Usd;;06.06.2020 08:33
483;9;Pnömatik kontak;HC-M-PN2-6,00-ST;;HC-M-PN2-6,00-ST;;;0;Usd;;06.06.2020 08:33
484;9;Muhafaza;HC-STA-B24-BWD-ELC-AL;;HC-STA-B24-BWD-ELC-AL;;;0;Usd;;06.06.2020 08:33
485;9;Muhafaza;HC-STA-B24-HHFD-1TTP21-EL-AL;;HC-STA-B24-HHFD-1TTP21-EL-AL;;;0;Usd;;06.06.2020 08:33
486;8;ENTEGRE;HEF4532BP;;HEF4532BP;;;0;Usd;;06.06.2020 08:33
487;8;HOPARLÖR;HOPARLÖR;;HOPARLÖR;;;0;Usd;;06.06.2020 08:33
488;8;SOKET;IDC DÝÞÝ ;;IDC DÝÞÝ ;;;0;Usd;;06.06.2020 08:33
489;8;SOKET;IDC ERKEK ;;IDC ERKEK ;;;0;Usd;;06.06.2020 08:33
490;8;KABLO;IDE-10;;IDE-10;;;0;Usd;;06.06.2020 08:33
491;8;2,5MK R 1/4W DÝRENÇ;IDE-20;;IDE-20;;;0;Usd;;06.06.2020 08:33
492;8;POWER MOSFET;IRF1405 ;;IRF1405 ;;;0;Usd;;06.06.2020 08:33
493;8;MOSFET;IRF3710S;;IRF3710S;;;0;Usd;;06.06.2020 08:33
494;8;MOSFET;IRF510;;IRF510;;;0;Usd;;06.06.2020 08:33
495;8;MOSFET;IRF540;;IRF540;;;0;Usd;;06.06.2020 08:33
496;8;MOSFET;IRF540 POWER ;;IRF540 POWER ;;;0;Usd;;06.06.2020 08:33
497;8;MOSFET;IRF640N;;IRF640N;;;0;Usd;;06.06.2020 08:33
498;8;MOSFET;IRFP260N POWER ;;IRFP260N POWER ;;;0;Usd;;06.06.2020 08:33
499;8;MOSFET;IRFP2907 ;;IRFP2907 ;;;0;Usd;;06.06.2020 08:33
500;8;KANAL POWER ;IRFZ44 N ;;IRFZ44 N ;;;0;Usd;;06.06.2020 08:33
501;8;MOSFET;IRLML6401;;IRLML6401;;;0;Usd;;06.06.2020 08:33
502;8;TRANSÝSTÖR;IXGH48N60C3 ;;IXGH48N60C3 ;;;0;Usd;;06.06.2020 08:33
503;8;D-SUB KONNEKTÖR;ÝÐNE AYAK DÝÞÝ;;ÝÐNE AYAK DÝÞÝ;;;0;Usd;;06.06.2020 08:33
504;8;D-SUB KONNEKTÖR;ÝÐNE AYAK ERKEK ;;ÝÐNE AYAK ERKEK ;;;0;Usd;;06.06.2020 08:33
505;8;KLEMENS;Ýkili PCB;;Ýkili PCB;;;0;Usd;;06.06.2020 08:33
506;8;POTANSÝYOMETRE;KADEMELÝ POTANSÝYOMETRE;;KADEMELÝ POTANSÝYOMETRE;;;0;Usd;;06.06.2020 08:33
507;8;KÖPRÜ DÝYOT;KBP304G ;;KBP304G ;;;0;Usd;;06.06.2020 08:33
508;8;KÖPRÜ DÝYOT;KBPC3510 ;;KBPC3510 ;;;0;Usd;;06.06.2020 08:33
509;8;LED;KIRMIZI;;KIRMIZI;;;0;Usd;;06.06.2020 08:33
510;8;LED;KIRMIZI 3 mm;;KIRMIZI 3 mm;;;0;Usd;;06.06.2020 08:33
511;12;SENSÖR;KIZILÖTESÝ SENSÖR;;KIZILÖTESÝ SENSÖR;;;0;Usd;;06.06.2020 08:33
512;8;ENTEGRE;KS58555 ;;KS58555 ;;;0;Usd;;06.06.2020 08:33
513;8;ENTEGRE;KT8592 ;;KT8592 ;;;0;Usd;;06.06.2020 08:33
514;8;TOGGLE ANAHTAR;KTS103;;KTS103;;;0;Usd;;06.06.2020 08:33
515;8;CBB60;KUTUPLU CBB60;;KUTUPLU CBB60;;;0;Usd;;06.06.2020 08:33
516;8;MOTOR SÜRÜCÜ;L293B ;;L293B ;;;0;Usd;;06.06.2020 08:33
517;9;Yardýmcý kontak bloðu;LA2KT2E, 24V DC, Düz zaman rölesi bloðu 1-30sn;;LA2KT2E, 24V DC, Düz zaman rölesi bloðu 1-30sn;;;0;Usd;;06.06.2020 08:33
518;8;ENTEGRE;LA4422 ;;LA4422 ;;;0;Usd;;06.06.2020 08:33
519;9;Yardýmcý kontak bloðu;LADN22, 2NO+2NC, D sersi kontaktör için;;LADN22, 2NO+2NC, D sersi kontaktör için;;;0;Usd;;06.06.2020 08:33
520;8;LAZER MODUL;LAZER MODÜLÜ;;LAZER MODÜLÜ;;;0;Usd;;06.06.2020 08:33
521;9;Kontaktör;LC1D09M7, 220V, 4KW, 1NO+1NC;;LC1D09M7, 220V, 4KW, 1NO+1NC;;;0;Usd;;06.06.2020 08:33
522;9;Kontaktör;LC1D12M7, 220V, 5,5KW, 1NO+1NC;;LC1D12M7, 220V, 5,5KW, 1NO+1NC;;;0;Usd;;06.06.2020 08:33
523;9;Kontaktör;LC1D18M7, 24V DC, 1NO+1NC;;LC1D18M7, 24V DC, 1NO+1NC;;;0;Usd;;06.06.2020 08:33
524;9;Kontaktör;LC1D25BD, 24V DC, 11KW,1NO+1NC;;LC1D25BD, 24V DC, 11KW,1NO+1NC;;;0;Usd;;06.06.2020 08:33
525;9;Kontaktör;LC1D25M7, 220V, 11KW, 1NO+1NC;;LC1D25M7, 220V, 11KW, 1NO+1NC;;;0;Usd;;06.06.2020 08:33
526;9;Kontaktör;LC1D40AM7, 220V, 18,5KW, 1NO+1NC;;LC1D40AM7, 220V, 18,5KW, 1NO+1NC;;;0;Usd;;06.06.2020 08:33
527;9;Kompanzasyon kontaktörü;LC1DFK11M7, 220V, ;;LC1DFK11M7, 220V, ;;;0;Usd;;06.06.2020 08:33
528;9;Kontaktör;LC1DT80AM7, 220V, 80A, 1NO+1NC;;LC1DT80AM7, 220V, 80A, 1NO+1NC;;;0;Usd;;06.06.2020 08:33
529;9;Kontaktör;LC1K0610M7,  220V, 2,2 KW, 1NO;;LC1K0610M7,  220V, 2,2 KW, 1NO;;;0;Usd;;06.06.2020 08:33
530;12;ARDUÝNO SHEILD;LCD KEYPAD ;;LCD KEYPAD ;;;0;Usd;;06.06.2020 08:33
531;8;LDR;LDR;;LDR;;;0;Usd;;06.06.2020 08:33
532;8;LÝPO PÝL;LÝPO;;LÝPO;;;0;Usd;;06.06.2020 08:33
533;8;REGÜLATÖR;LM 317 ;;LM 317 ;;;0;Usd;;06.06.2020 08:33
534;8;REGÜLATÖR;LM1117-3.3;;LM1117-3.3;;;0;Usd;;06.06.2020 08:33
535;8;REGÜLATÖR;LM2576-ADJ ;;LM2576-ADJ ;;;0;Usd;;06.06.2020 08:33
536;8;REGÜLATÖR;LM2576T ;;LM2576T ;;;0;Usd;;06.06.2020 08:33
537;8;REGÜLATÖR;LM2595S ;;LM2595S ;;;0;Usd;;06.06.2020 08:33
538;8;REGÜLATÖR;LM2596;;LM2596;;;0;Usd;;06.06.2020 08:33
539;8;TRANSÝSTÖR;LM317LZ;;LM317LZ;;;0;Usd;;06.06.2020 08:33
540;8;REGÜLATÖR;LM337T;;LM337T;;;0;Usd;;06.06.2020 08:33
541;8;ENTEGRE;LM358 ;;LM358 ;;;0;Usd;;06.06.2020 08:33
542;9;Kontaktör;LP1K0601BD, 24V, 2,2KW, 1 NC;;LP1K0601BD, 24V, 2,2KW, 1 NC;;;0;Usd;;06.06.2020 08:33
543;9;Kontaktör;LP1K0610BD, 24V, 2,2KW, 1 NO;;LP1K0610BD, 24V, 2,2KW, 1 NO;;;0;Usd;;06.06.2020 08:33
544;9;Kontaktör;LP1K1210BD, 24V DC, 2,2KW, 1 NO;;LP1K1210BD, 24V DC, 2,2KW, 1 NO;;;0;Usd;;06.06.2020 08:33
545;9;Termik Röle;LR2K0304, 0,36-0,54A;;LR2K0304, 0,36-0,54A;;;0;Usd;;06.06.2020 08:33
546;9;Termik Röle;LR2K0305, 0,54-0,8A;;LR2K0305, 0,54-0,8A;;;0;Usd;;06.06.2020 08:33
547;9;Termik Röle;LR2K0306, 0,8-1,2 A;;LR2K0306, 0,8-1,2 A;;;0;Usd;;06.06.2020 08:33
548;9;Termik Röle;LRE10, 4-6A;;LRE10, 4-6A;;;0;Usd;;06.06.2020 08:33
549;8;ENTEGRE;LS8045 ;;LS8045 ;;;0;Usd;;06.06.2020 08:33
550;9;Güç kaidesi;LUB12, MKÞ+ Kontaktör,;;LUB12, MKÞ+ Kontaktör,;;;0;Usd;;06.06.2020 08:33
551;8;Civata;M6x30;;M6x30;;;0;Usd;;06.06.2020 08:33
552;8;BUTON ;MANTAR BAÞLI YAYLI (KIRMIZI);;MANTAR BAÞLI YAYLI (KIRMIZI);;;0;Usd;;06.06.2020 08:33
553;8;BUTON;MANTAR BAÞLI YAYLI (MAVÝ);;MANTAR BAÞLI YAYLI (MAVÝ);;;0;Usd;;06.06.2020 08:33
554;8;BUTON ;MANTAR BAÞLI YAYLI (SÝYAH);;MANTAR BAÞLI YAYLI (SÝYAH);;;0;Usd;;06.06.2020 08:33
555;8;LED;MAVÝ ;;MAVÝ ;;;0;Usd;;06.06.2020 08:33
556;8;LED ;MAVÝ 3MM;;MAVÝ 3MM;;;0;Usd;;06.06.2020 08:33
557;8;KABLO;MAVÝ MONTAJ KABLOSU;;MAVÝ MONTAJ KABLOSU;;;0;Usd;;06.06.2020 08:33
558;8;TRÝMPOT;MAVÝ TRÝMPOT;;MAVÝ TRÝMPOT;;;0;Usd;;06.06.2020 08:33
559;8;ENTEGRESÝ;MAX232 ;;MAX232 ;;;0;Usd;;06.06.2020 08:33
560;8;ENTEGRESÝ;MAX3232 ;;MAX3232 ;;;0;Usd;;06.06.2020 08:33
561;8;ENTEGRE;MC142100CP ;;MC142100CP ;;;0;Usd;;06.06.2020 08:33
562;8;ENTEGRE;MC34013AP ;;MC34013AP ;;;0;Usd;;06.06.2020 08:33
563;8;ENTEGRE;MC3456P ;;MC3456P ;;;0;Usd;;06.06.2020 08:33
564;8;BUTON;MÝCRO ;;MÝCRO ;;;0;Usd;;06.06.2020 08:33
565;8;TRANSÝSTÖR;MJD122 ;;MJD122 ;;;0;Usd;;06.06.2020 08:33
566;12;ARDUÝNO SHEILD;MOTOR SÜRÜCÜ - L293;;MOTOR SÜRÜCÜ - L293;;;0;Usd;;06.06.2020 08:33
567;8;MÝNÝ USB;MS101;;MS101;;;0;Usd;;06.06.2020 08:33
568;8;ENTEGRE;MSP08A01-222G ;;MSP08A01-222G ;;;0;Usd;;06.06.2020 08:33
569;8;ENTEGRE;N82S137N;;N82S137N;;;0;Usd;;06.06.2020 08:33
570;8;arduino;nano;;nano;;;0;Usd;;06.06.2020 08:33
571;8;POTANSÝYOMETRE;NORMAL POTANSÝYOMETRE;;NORMAL POTANSÝYOMETRE;;;0;Usd;;06.06.2020 08:33
572;8;WÝRELESS MODÜL;NRF24L01;;NRF24L01;;;0;Usd;;06.06.2020 08:33
573;8;TERMÝSTÖR;NTC;;NTC;;;0;Usd;;06.06.2020 08:33
574;8;RÖLE;OMRON ;;OMRON ;;;0;Usd;;06.06.2020 08:33
575;8;TRANSÝL DÝYOT;P6 KE 6,8CA ;;P6 KE 6,8CA ;;;0;Usd;;06.06.2020 08:33
576;8;ENTEGRE;P8284A ;;P8284A ;;;0;Usd;;06.06.2020 08:33
577;8;SERVO MOTOR SÜRÜCÜ;PCA9685;;PCA9685;;;0;Usd;;06.06.2020 08:33
578;8;SÝGORTA SOKETÝ;PCB 5X20 MM ;;PCB 5X20 MM ;;;0;Usd;;06.06.2020 08:33
579;8;ENTEGRE;PCF0450P/021 ;;PCF0450P/021 ;;;0;Usd;;06.06.2020 08:33
580;9;1 giriþ 1 çýkýþ soketli klemens;PCY 2,5;;PCY 2,5;;;0;Usd;;06.06.2020 08:33
581;8;ENTEGRE;PIC18F2550 ;;PIC18F2550 ;;;0;Usd;;06.06.2020 08:33
582;8;ENTEGRE;PIC18F4431 ;;PIC18F4431 ;;;0;Usd;;06.06.2020 08:33
583;8;ENTEGRE;PMICMP 05FZ ;;PMICMP 05FZ ;;;0;Usd;;06.06.2020 08:33
584;8;ENTEGRE;PMP CMP ;;PMP CMP ;;;0;Usd;;06.06.2020 08:33
585;8;PANO;PN-1;2;DIKILI TIP PANO;;SCHEIDER;200;Euro;PN-1.png;06.06.2020 08:33
586;9;Modüler topraklama klemensi ;PT 1,5/S-PE/L/N;;PT 1,5/S-PE/L/N;;;0;Usd;;06.06.2020 08:33
587;9;Geçiþ klemensi;PT 1,5/S-QUATTRO;;PT 1,5/S-QUATTRO;;;0;Usd;;06.06.2020 08:33
588;9;Geçiþ klemensi ;PT 1,5/S-QUATTRO BK;;PT 1,5/S-QUATTRO BK;;;0;Usd;;06.06.2020 08:33
589;9;Geçiþ klemensi;PT 1,5/S-QUATTRO BU ;;PT 1,5/S-QUATTRO BU ;;;0;Usd;;06.06.2020 08:33
590;9;Geçiþ klemensi;PT 1,5/S-QUATTRO RD;;PT 1,5/S-QUATTRO RD;;;0;Usd;;06.06.2020 08:33
591;9;Modüler topraklama klemensi;PT 1,5/S-QUATTRO-PE;;PT 1,5/S-QUATTRO-PE;;;0;Usd;;06.06.2020 08:33
592;9;Geçiþ klemensi;PT 2,5 BK;;PT 2,5 BK;;;0;Usd;;06.06.2020 08:33
593;9;Motor klemensi ;PT 2,5-PE/3L;;PT 2,5-PE/3L;;;0;Usd;;06.06.2020 08:33
594;9;Montaj topraklama klemensi;PTI 2,5-PE/L/N;;PTI 2,5-PE/L/N;;;0;Usd;;06.06.2020 08:33
595;9;Geçiþ klemensi;PTT 1,5/S-2L;;PTT 1,5/S-2L;;;0;Usd;;06.06.2020 08:33
596;8;BUTON;PUSH ;;PUSH ;;;0;Usd;;06.06.2020 08:33
597;9;ÇOK GÝ?RÝ?ÞLÝ? KLEMENS;PYK 1.5 MC;;PYK 1.5 MC;;;0;Usd;;06.06.2020 08:33
598;9;KELEMENS KAPAK 1;PYK 1.5 MC       KAPAK;;PYK 1.5 MC       KAPAK;;;0;Usd;;06.06.2020 08:33
599;9;KLEMENS KAPAK ;PYK 2,5-2FT;;PYK 2,5-2FT;;;0;Usd;;06.06.2020 08:33
600;9;1 giriþ 1 çýkýþ býçaklý ayýrma klemensi;PYK 2,5A;;PYK 2,5A;;;0;Usd;;06.06.2020 08:33
601;9;KLEMENS KAPAK ;PYK 3S KAPAK;;PYK 3S KAPAK;;;0;Usd;;06.06.2020 08:33
602;8;SENSÖR;QRD1114 ;;QRD1114 ;;;0;Usd;;06.06.2020 08:33
603;8;SENSÖR;QTR-1A;;QTR-1A;;;0;Usd;;06.06.2020 08:33
604;8;SENSÖR;QTR-8A;;QTR-8A;;;0;Usd;;06.06.2020 08:33
605;8;METAL SOKET;RC45   90 DERECE;;RC45   90 DERECE;;;0;Usd;;06.06.2020 08:33
606;8;METAL SOKET ;RC45 180 DERECE;;RC45 180 DERECE;;;0;Usd;;06.06.2020 08:33
607;8;LED;RGB LED;;RGB LED;;;0;Usd;;06.06.2020 08:33
608;8;SWÝTCH;ROKET;;ROKET;;;0;Usd;;06.06.2020 08:33
609;12;SENSÖR;RS-485-TTL DÖNÜÞTÜRÜCÜ;;RS-485-TTL DÖNÜÞTÜRÜCÜ;;;0;Usd;;06.06.2020 08:33
610;8;DÝYOT;S6M;;S6M;;;0;Usd;;06.06.2020 08:33
611;8;LED;SARI;;SARI;;;0;Usd;;06.06.2020 08:33
612;8;LED ;SARI 3MM;;SARI 3MM;;;0;Usd;;06.06.2020 08:33
613;8;LED;SARI 5mm;;SARI 5mm;;;0;Usd;;06.06.2020 08:33
614;8;KABLO;SARI MONTAJ KABLOSU;;SARI MONTAJ KABLOSU;;;0;Usd;;06.06.2020 08:33
615;8;STEP MOTOR ;SBT0811;;SBT0811;;;0;Usd;;06.06.2020 08:33
616;12;MODÜL;SD KART;;SD KART;;;0;Usd;;06.06.2020 08:33
617;12;ARDUÝNO SHEILD;SENSÖR SHEÝLD;;SENSÖR SHEÝLD;;;0;Usd;;06.06.2020 08:33
618;8; SERVO MOTOR;SG90;;SG90;;;0;Usd;;06.06.2020 08:33
619;8;SENSÖR;SHARPH SENSÖR;;SHARPH SENSÖR;;;0;Usd;;06.06.2020 08:33
620;8;SWÝTCH;SLIDE SWITCH;;SLIDE SWITCH;;;0;Usd;;06.06.2020 08:33
621;8;SWITCH;SLIDE-BUYUK-180;;SLIDE-BUYUK-180;;;0;Usd;;06.06.2020 08:33
622;8;SWITCH;SLIDE-KUÇUK-90;;SLIDE-KUÇUK-90;;;0;Usd;;06.06.2020 08:33
623;8;KONEKTÖR;SM;;SM;;;0;Usd;;06.06.2020 08:33
624;8;ENTEGRE;SN74HC00N;;SN74HC00N;;;0;Usd;;06.06.2020 08:33
625;8;ENTEGRE;SN74HC02N;;SN74HC02N;;;0;Usd;;06.06.2020 08:33
626;8;ENTEGRE;SN74HC04N;;SN74HC04N;;;0;Usd;;06.06.2020 08:33
627;8;ENTEGRE;SN74HC164N ;;SN74HC164N ;;;0;Usd;;06.06.2020 08:33
628;8;ENTEGRE;SN74HC32N;;SN74HC32N;;;0;Usd;;06.06.2020 08:33
629;8;ENTEGRE;SN74LS48N ;;SN74LS48N ;;;0;Usd;;06.06.2020 08:33
630;8;ENTEGRE;SN75450BN ;;SN75450BN ;;;0;Usd;;06.06.2020 08:33
631;8;ENTEGRE;SN75ALS193J ;;SN75ALS193J ;;;0;Usd;;06.06.2020 08:33
632;8;ENTEGRE;SN75ALS197J ;;SN75ALS197J ;;;0;Usd;;06.06.2020 08:33
633;8;POTANSÝYOMETRE;STEREO POTANSÝYOMETRE;;STEREO POTANSÝYOMETRE;;;0;Usd;;06.06.2020 08:33
634;12;SENSÖR;SU SENSÖRÜ;;SU SENSÖRÜ;;;0;Usd;;06.06.2020 08:33
635;8;MOTOR SÜRÜCÜ;TB6612-KIRMIZI;;TB6612-KIRMIZI;;;0;Usd;;06.06.2020 08:33
636;8;ENTEGRE;TC4561BP ;;TC4561BP ;;;0;Usd;;06.06.2020 08:33
637;8;IÞIK VE RENK SENSÖRÜ;TC534725;;TC534725;;;0;Usd;;06.06.2020 08:33
638;8;ENTEGRE;TC5561P-45 ;;TC5561P-45 ;;;0;Usd;;06.06.2020 08:33
639;8;ENTEGRE;TC8703CPG ;;TC8703CPG ;;;0;Usd;;06.06.2020 08:33
640;8;ENTEGRE;TC9303AN-021 ;;TC9303AN-021 ;;;0;Usd;;06.06.2020 08:33
641;8;ENTEGRE;TCA 955 ;;TCA 955 ;;;0;Usd;;06.06.2020 08:33
642;8;ENTEGRE;TDA 1060 ;;TDA 1060 ;;;0;Usd;;06.06.2020 08:33
643;8;MODÜL;TEA5767;;TEA5767;;;0;Usd;;06.06.2020 08:33
644;8;RÖLE;TELEKOM-DC 12V;;TELEKOM-DC 12V;;;0;Usd;;06.06.2020 08:33
645;8;RÖLE;TELEKOM-DC 24V;;TELEKOM-DC 24V;;;0;Usd;;06.06.2020 08:33
646;8;SENSÖR;TK19 IR ALICI;;TK19 IR ALICI;;;0;Usd;;06.06.2020 08:33
647;8;ENTEGRE;TL527N;;TL527N;;;0;Usd;;06.06.2020 08:33
648;8;ENTEGRE;TLP521 ;;TLP521 ;;;0;Usd;;06.06.2020 08:33
649;8;ENTEGRE;TLP620 ;;TLP620 ;;;0;Usd;;06.06.2020 08:33
650;8;ENTEGRE;TLP620-4 ;;TLP620-4 ;;;0;Usd;;06.06.2020 08:33
651;8;SWITCH;TOGGLE;;TOGGLE;;;0;Usd;;06.06.2020 08:33
652;8;TRÝMPOT;TRÝMPOT POTANSÝYOMETRE;;NORMAL POTANSÝYOMETRE;;;0;Usd;;06.06.2020 08:33
653;8;KONNEKTÖR PRÝMÝ;TUNÝK (3 LÜ DÝÞÝ);;TUNÝK (3 LÜ DÝÞÝ);;;0;Usd;;06.06.2020 08:33
654;8;KONNEKTÖR;TUNÝK (3 LÜ ERKEK);;TUNÝK (3 LÜ ERKEK);;;0;Usd;;06.06.2020 08:33
655;8;ENTEGRE;UDN2585A ;;UDN2585A ;;;0;Usd;;06.06.2020 08:33
656;8;DÝYOT;UF4007;;UF4007;;;0;Usd;;06.06.2020 08:33
657;8;ENTEGRE;ULN2003 ;;ULN2003 ;;;0;Usd;;06.06.2020 08:33
658;8;ARDUÝNO;UNO R3;;UNO R3;;;0;Usd;;06.06.2020 08:33
659;8;ARDUÝNO;UNO R3 KABLOSU;;UNO R3 KABLOSU;;;0;Usd;;06.06.2020 08:33
660;12;UNO;UNOCARD;CARD123;5V 13 PÝN;;CHPSET;300;Usd;UNOCARD.png;06.06.2020 08:33
661;8;ENTEGRE;UP8284AD ;;UP8284AD ;;;0;Usd;;06.06.2020 08:33
662;12;ARDUÝNO SHEILD;USB HOST ;;USB HOST ;;;0;Usd;;06.06.2020 08:33
663;9;Geçiþ klemensi;UT 2,5 BU;;UT 2,5 BU;;;0;Usd;;06.06.2020 08:33
664;9;Geçiþ klemensi ;UT 2,5 YE;;UT 2,5 YE;;;0;Usd;;06.06.2020 08:33
665;9;Parafudur;VAL-CP-3S-350;;VAL-CP-3S-350;;;0;Usd;;06.06.2020 08:33
666;9;ölçme ayýrma klemensi;WGO 2N;;WGO 2N;;;0;Usd;;06.06.2020 08:33
667;8;DÝYOT;X436;;X436;;;0;Usd;;06.06.2020 08:33
668;9;Kilitli Buton;XB4 BG21;;XB4 BG21;;;0;Usd;;06.06.2020 08:33
669;9;Siyah Mandal Buton demir;XB4-BD21;;XB4-BD21;;;0;Usd;;06.06.2020 08:33
670;9;Iþýklý mandal buton;XB4BK125B5, sarý, 0-I, 1NO+ 1NC;;XB4BK125B5, sarý, 0-I, 1NO+ 1NC;;;0;Usd;;06.06.2020 08:33
671;9;Acil stop butonu;XB4BS8442, 1NK, metal gövde;;XB4BS8442, 1NK, metal gövde;;;0;Usd;;06.06.2020 08:33
672;9;Beyaz Lamba;XB4BVB1, 24V, Komple, ;;XB4BVB1, 24V, Komple, ;;;0;Usd;;06.06.2020 08:33
673;9;Iþýklý Mavi Buton Kafasý Demir;XB4-BW36B5;;XB4-BW36B5;;;0;Usd;;06.06.2020 08:33
674;9;Iþýklý Buton Mavi;XB4BW36B5, 1NO+1NC, metal gövde;;XB4BW36B5, 1NO+1NC, metal gövde;;;0;Usd;;06.06.2020 08:33
675;9;Beyaz Üzerine Siyah Ok Ýþaretli Yaylý Buton;XB5-AA3341;;XB5-AA3341;;;0;Usd;;06.06.2020 08:33
676;9;Siyah Üzerine Beyaz Ok Ýþaretli Yaylý Buton;XB5-AA3351;;XB5-AA3351;;;0;Usd;;06.06.2020 08:33
677;9;Siyah Mandal Buton plastik;XB5-AD21;;XB5-AD21;;;0;Usd;;06.06.2020 08:33
678;9;Start-Stop Butonu;XB5AL73415;;XB5AL73415;;;0;Usd;;06.06.2020 08:33
679;9;LED'LÝ SÝNYAL LAMBASI YEÞÝL 230V;XB7-EV03MP;;XB7-EV03MP;;;0;Usd;;06.06.2020 08:33
680;9;Yeþil tekparça sinyal lambasý;XB7EV03MP, 220V , yeþil;;XB7EV03MP, 220V , yeþil;;;0;Usd;;06.06.2020 08:33
681;9;LED'LÝ SÝNYAL LAMBASI KIRMIZI 230V;XB7-EV04 MP;;XB7-EV04 MP;;;0;Usd;;06.06.2020 08:33
682;9;Kýrmýzý tekparça sinyal lambasý;XB7EV04MP, 24V, kýrmýzý;;XB7EV04MP, 24V, kýrmýzý;;;0;Usd;;06.06.2020 08:33
683;9;LED'LÝ SÝNYAL LAMBASI SARI 24V;XB7-EV05 BP;;XB7-EV05 BP;;;0;Usd;;06.06.2020 08:33
684;9;LED'LÝ SÝNYAL LAMBASI MAVÝ 24V;XB7-EV06MP;;XB7-EV06MP;;;0;Usd;;06.06.2020 08:33
685;9;LED'LÝ SÝNYAL LAMBASI ÞEFFAF 24V;XB7-EV07BP;;XB7-EV07BP;;;0;Usd;;06.06.2020 08:33
686;9;Turuncu tekparça LED Lamba;XB7EV08BP, 24V turuncu;;XB7EV08BP, 24V turuncu;;;0;Usd;;06.06.2020 08:33
687;9;LED'LÝ SÝNYAL LAMBASI TURUNCU 230V;XB7-EV08MP;;XB7-EV08MP;;;0;Usd;;06.06.2020 08:33
688;9;Sarý tekparça sinyal lambasý;XB7EV08MP, plastik gövde, 220V AC;;XB7EV08MP, plastik gövde, 220V AC;;;0;Usd;;06.06.2020 08:33
689;9;Yeþil  tekparça buton;XB7NA31, yaylý, plastik gövde, 1NO;;XB7NA31, yaylý, plastik gövde, 1NO;;;0;Usd;;06.06.2020 08:33
690;9;Siyah tekparça anahtar;XB7NH, plastik, 1NO, kalýcý konumlu, siyah;;XB7NH, plastik, 1NO, kalýcý konumlu, siyah;;;0;Usd;;06.06.2020 08:33
691;9;Kalýcý Siyah buton;XB7-NH21;;XB7-NH21;;;0;Usd;;06.06.2020 08:33
692;9;Sarý tekparça buton;XB7NH81, Yaylý, olastik gövde, 1NO,sarý, buton;;XB7NH81, Yaylý, olastik gövde, 1NO,sarý, buton;;;0;Usd;;06.06.2020 08:33
693;9;Iþýklý Kýrmýzý Yaylý buton;XB7-NW34B1;;XB7-NW34B1;;;0;Usd;;06.06.2020 08:33
694;9;Kýrmýzý tekparça ýþýklý anahtar;XB7NW34B2, plasitk gövde, 24V DC 1NO, Kýrmýzý, çýkýl kafa;;XB7NW34B2, plasitk gövde, 24V DC 1NO, Kýrmýzý, çýkýl kafa;;;0;Usd;;06.06.2020 08:33
695;9;JOYSTÝCK;XD4PA24, 4 yöne, her yön 1 NO kontak;;XD4PA24, 4 yöne, her yön 1 NO kontak;;;0;Usd;;06.06.2020 08:33
696;8;REGÜLATÖR;XL6009E;;XL6009E;;;0;Usd;;06.06.2020 08:33
697;12;SENSÖR;YAÐMUR SENSÖRÜ;;YAÐMUR SENSÖRÜ;;;0;Usd;;06.06.2020 08:33
698;8;LED;YEÞÝL ;;YEÞÝL ;;;0;Usd;;06.06.2020 08:33
699;8;KABLO;YEÞÝL MONTAJ KABLOSU;;YEÞÝL MONTAJ KABLOSU;;;0;Usd;;06.06.2020 08:33
700;8;BUTON ;YUVARLAK BAÞLI YAYLI (KIRMIZI);;YUVARLAK BAÞLI YAYLI (KIRMIZI);;;0;Usd;;06.06.2020 08:33
701;8;BUTON ;YUVARLAK BAÞLI YAYLI (MAVÝ);;YUVARLAK BAÞLI YAYLI (MAVÝ);;;0;Usd;;06.06.2020 08:33
702;8;BUTON;YUVARLAK BAÞLI YAYLI (SARI);;YUVARLAK BAÞLI YAYLI (SARI);;;0;Usd;;06.06.2020 08:33
703;8;BUTON ;YUVARLAK BAÞLI YAYLI (SÝYAH);;YUVARLAK BAÞLI YAYLI (SÝYAH);;;0;Usd;;06.06.2020 08:33
704;8;SWÝTCH;YUVARLAK ROKET, KIRMIZI;;YUVARLAK ROKET, KIRMIZI;;;0;Usd;;06.06.2020 08:33
705;8;SWÝTCH;YUVARLAK ROKET, SARI;;YUVARLAK ROKET, SARI;;;0;Usd;;06.06.2020 08:33
706;8;SWÝTCH;YUVARLAK ROKET, YEÞÝL;;YUVARLAK ROKET, YEÞÝL;;;0;Usd;;06.06.2020 08:33
707;9;Demir Gövde;ZB4 BZ 009;;ZB4 BZ 009;;;0;Usd;;06.06.2020 08:33
708;9;Yeþil Mandal Buton (METAL);ZB4-BK1233;;ZB4-BK1233;;;0;Usd;;06.06.2020 08:33
709;9;Acil Stop kafasý;ZB4BS844, metal gövdeli;;ZB4BS844, metal gövdeli;;;0;Usd;;06.06.2020 08:33
710;9;Iþýklý buton kafasý;ZB4BW33,Yeþil ýþýklý buton kafasý, metal;;ZB4BW33,Yeþil ýþýklý buton kafasý, metal;;;0;Usd;;06.06.2020 08:33
711;9;Kablosuz pilsiz buton;ZB4RTA3, yeþil yay geri dönüþlü;;ZB4RTA3, yeþil yay geri dönüþlü;;;0;Usd;;06.06.2020 08:33
712;9;Kablosuz pilsiz buton;ZB4RTA4, kýrmýzý, yay geri dönüþlü;;ZB4RTA4, kýrmýzý, yay geri dönüþlü;;;0;Usd;;06.06.2020 08:33
713;9;Plastik Gövde;ZB5 AZ 009;;ZB5 AZ 009;;;0;Usd;;06.06.2020 08:33
714;9;Beyaz Plastik sinyal Lambasý;ZB5-AV01;;ZB5-AV01;;;0;Usd;;06.06.2020 08:33
715;9;Plastik , s,nyal lambasý için kafa;ZB5-AV04;;ZB5-AV04;;;0;Usd;;06.06.2020 08:33
716;9;Plastik , sarý sinyal lambasý için kafa;ZB5-AV05;;ZB5-AV05;;;0;Usd;;06.06.2020 08:33
717;9;Iþýklý Yeþil Buton Kafasý;ZB5-AW33;;ZB5-AW33;;;0;Usd;;06.06.2020 08:33
718;9;Iþýklý Turuncu Buton Kafasý Plastik;ZB5-AW35;;ZB5-AW35;;;0;Usd;;06.06.2020 08:33
719;9;Iþýklý Mavi Buton Kafasý Plastik;ZB5-AW36;;ZB5-AW36;;;0;Usd;;06.06.2020 08:33
720;9;Kalýcý Yeþil buton;ZB7-NH31;;ZB7-NH31;;;0;Usd;;06.06.2020 08:33
721;9;NO Kontak;ZBE 101;;ZBE 101;;;0;Usd;;06.06.2020 08:33
722;9;Turuncu Mandal Buton;ZBE- BK-135B5;;ZBE- BK-135B5;;;0;Usd;;06.06.2020 08:33
723;9;NC Kontak;ZBE-102;;ZBE-102;;;0;Usd;;06.06.2020 08:33
724;9;220V Sinyal Lambasý;ZBV-6;;ZBV-6;;;0;Usd;;06.06.2020 08:33
725;9;24V Yeþil Lamba;ZBV-B3;;ZBV-B3;;;0;Usd;;06.06.2020 08:33
726;9;Yeþil LED lamba;ZBVB3, 24V DC, yeþil;;ZBVB3, 24V DC, yeþil;;;0;Usd;;06.06.2020 08:33
727;9;Kýrýmýzý LED lamba;ZBVB4, 24V SC, kýrmýzý;;ZBVB4, 24V SC, kýrmýzý;;;0;Usd;;06.06.2020 08:33
728;9;24V Turuncu Lamba;ZBV-B5;;ZBV-B5;;;0;Usd;;06.06.2020 08:33
729;9;Sarý LED lamba;ZBVB5, 24V DC, sarý;;ZBVB5, 24V DC, sarý;;;0;Usd;;06.06.2020 08:33
730;9;24V Mavi Lamba;ZBV-B6;;ZBV-B6;;;0;Usd;;06.06.2020 08:33
731;9;Mavi LED Lamba;ZBVB6, 24V DC, mavi;;ZBVB6, 24V DC, mavi;;;0;Usd;;06.06.2020 08:33
732;9;230V Yeþil Lamba;ZBV-M3;;ZBV-M3;;;0;Usd;;06.06.2020 08:33
733;9;Acil durdurma etiketi;ZBY9320, 3D, çap 60mm;;ZBY9320, 3D, çap 60mm;;;0;Usd;;06.06.2020 08:33
734;9;Buton Etiketi;ZBZ33;;ZBZ33;;;0;Usd;;06.06.2020 08:33
735;9;JOYSTÝCK;ZD4PA24, 4 yöne, joystick kafasý;;ZD4PA24, 4 yöne, joystick kafasý;;;0;Usd;;06.06.2020 08:33
736;8;ENTEGRE SOKET;ZÝP ;;ZÝP ;;;0;Usd;;06.06.2020 08:33
